id,rg,ctr_n,ctr,yr,mn,unit_type,unit_name,unit_n,pty_n,pty,can,pev1,vot1,vv1,ivv1,to1,cv1,cvs1,pv1,pvs1,pev2,vot2,vv2,ivv2,to2,cv2,cvs2,pv2,pvs2
5,Latin America,Uruguay,598,1989,11,Department,Artigas,1,Colorado,7,Jorge Batlle; Jorge Pacheco Areco; Hugo Fernández Faingold,-990,41020,41020,-990,-990,19061,0.445350456,19061,0.445350456,-990,-990,-990,-990,-990,-990,-990,-990,-990
5,Latin America,Uruguay,598,1989,11,Department,Artigas,1,Nacional,27,Luis Alberto Lacalle; Carlos Julio Pereyra; Alberto Zumarán,-990,41020,41020,-990,-990,19766,0.461822433,19766,0.461822433,-990,-990,-990,-990,-990,-990,-990,-990,-990
5,Latin America,Uruguay,598,1989,11,Department,Artigas,1,FrenteAmplio,13,Liber Seregni,-990,41020,41020,-990,-990,2193,0.051238317,2193,0.051238317,-990,-990,-990,-990,-990,-990,-990,-990,-990
5,Latin America,Uruguay,598,1989,11,Department,Canelones,2,Colorado,7,Jorge Batlle; Jorge Pacheco Areco; Hugo Fernández Faingold,-990,192828,192828,-990,-990,70153,0.331085281,70153,0.331085281,-990,-990,-990,-990,-990,-990,-990,-990,-990
5,Latin America,Uruguay,598,1989,11,Department,Canelones,2,Nacional,27,Luis Alberto Lacalle; Carlos Julio Pereyra; Alberto Zumarán,-990,192828,192828,-990,-990,87251,0.41177887,87251,0.41177887,-990,-990,-990,-990,-990,-990,-990,-990,-990
5,Latin America,Uruguay,598,1989,11,Department,Canelones,2,FrenteAmplio,13,Liber Seregni,-990,192828,192828,-990,-990,35424,0.167182655,35424,0.167182655,-990,-990,-990,-990,-990,-990,-990,-990,-990
5,Latin America,Uruguay,598,1989,11,Department,Cerro Largo,3,Colorado,7,Jorge Batlle; Jorge Pacheco Areco; Hugo Fernández Faingold,-990,51259,51259,-990,-990,15675,0.294626236,15675,0.294626236,-990,-990,-990,-990,-990,-990,-990,-990,-990
5,Latin America,Uruguay,598,1989,11,Department,Cerro Largo,3,Nacional,27,Luis Alberto Lacalle; Carlos Julio Pereyra; Alberto Zumarán,-990,51259,51259,-990,-990,32577,0.612315102,32577,0.612315102,-990,-990,-990,-990,-990,-990,-990,-990,-990
5,Latin America,Uruguay,598,1989,11,Department,Cerro Largo,3,FrenteAmplio,13,Liber Seregni,-990,51259,51259,-990,-990,3007,0.05651937,3007,0.05651937,-990,-990,-990,-990,-990,-990,-990,-990,-990
5,Latin America,Uruguay,598,1989,11,Department,Colonia,4,Colorado,7,Jorge Batlle; Jorge Pacheco Areco; Hugo Fernández Faingold,-990,75792,75792,-990,-990,26249,0.328642426,26249,0.328642426,-990,-990,-990,-990,-990,-990,-990,-990,-990
5,Latin America,Uruguay,598,1989,11,Department,Colonia,4,Nacional,27,Luis Alberto Lacalle; Carlos Julio Pereyra; Alberto Zumarán,-990,75792,75792,-990,-990,40476,0.506767159,40476,0.506767159,-990,-990,-990,-990,-990,-990,-990,-990,-990
5,Latin America,Uruguay,598,1989,11,Department,Colonia,4,FrenteAmplio,13,Liber Seregni,-990,75792,75792,-990,-990,9067,0.113520555,9067,0.113520555,-990,-990,-990,-990,-990,-990,-990,-990,-990
5,Latin America,Uruguay,598,1989,11,Department,Durazno,5,Colorado,7,Jorge Batlle; Jorge Pacheco Areco; Hugo Fernández Faingold,-990,34084,34084,-990,-990,10776,0.305044441,10776,0.305044441,-990,-990,-990,-990,-990,-990,-990,-990,-990
5,Latin America,Uruguay,598,1989,11,Department,Durazno,5,Nacional,27,Luis Alberto Lacalle; Carlos Julio Pereyra; Alberto Zumarán,-990,34084,34084,-990,-990,21239,0.601228561,21239,0.601228561,-990,-990,-990,-990,-990,-990,-990,-990,-990
5,Latin America,Uruguay,598,1989,11,Department,Durazno,5,FrenteAmplio,13,Liber Seregni,-990,34084,34084,-990,-990,2069,0.058568759,2069,0.058568759,-990,-990,-990,-990,-990,-990,-990,-990,-990
5,Latin America,Uruguay,598,1989,11,Department,Flores,6,Colorado,7,Jorge Batlle; Jorge Pacheco Areco; Hugo Fernández Faingold,-990,16375,16375,-990,-990,5544,0.323831787,5544,0.323831787,-990,-990,-990,-990,-990,-990,-990,-990,-990
5,Latin America,Uruguay,598,1989,11,Department,Flores,6,Nacional,27,Luis Alberto Lacalle; Carlos Julio Pereyra; Alberto Zumarán,-990,16375,16375,-990,-990,9480,0.553738327,9480,0.553738327,-990,-990,-990,-990,-990,-990,-990,-990,-990
5,Latin America,Uruguay,598,1989,11,Department,Flores,6,FrenteAmplio,13,Liber Seregni,-990,16375,16375,-990,-990,1351,0.07891355,1351,0.07891355,-990,-990,-990,-990,-990,-990,-990,-990,-990
5,Latin America,Uruguay,598,1989,11,Department,Florida,7,Colorado,7,Jorge Batlle; Jorge Pacheco Areco; Hugo Fernández Faingold,-990,41986,41986,-990,-990,15224,0.337060242,15224,0.337060242,-990,-990,-990,-990,-990,-990,-990,-990,-990
5,Latin America,Uruguay,598,1989,11,Department,Florida,7,Nacional,27,Luis Alberto Lacalle; Carlos Julio Pereyra; Alberto Zumarán,-990,41986,41986,-990,-990,22540,0.499036903,22540,0.499036903,-990,-990,-990,-990,-990,-990,-990,-990,-990
5,Latin America,Uruguay,598,1989,11,Department,Florida,7,FrenteAmplio,13,Liber Seregni,-990,41986,41986,-990,-990,4222,0.093475323,4222,0.093475323,-990,-990,-990,-990,-990,-990,-990,-990,-990
5,Latin America,Uruguay,598,1989,11,Department,Lavalleja,8,Colorado,7,Jorge Batlle; Jorge Pacheco Areco; Hugo Fernández Faingold,-990,41768,41768,-990,-990,16629,0.3765625,16629,0.3765625,-990,-990,-990,-990,-990,-990,-990,-990,-990
5,Latin America,Uruguay,598,1989,11,Department,Lavalleja,8,Nacional,27,Luis Alberto Lacalle; Carlos Julio Pereyra; Alberto Zumarán,-990,41768,41768,-990,-990,22888,0.518297119,22888,0.518297119,-990,-990,-990,-990,-990,-990,-990,-990,-990
5,Latin America,Uruguay,598,1989,11,Department,Lavalleja,8,FrenteAmplio,13,Liber Seregni,-990,41768,41768,-990,-990,2251,0.05097373,2251,0.05097373,-990,-990,-990,-990,-990,-990,-990,-990,-990
5,Latin America,Uruguay,598,1989,11,Department,Maldonado,9,Colorado,7,Jorge Batlle; Jorge Pacheco Areco; Hugo Fernández Faingold,-990,58359,58359,-990,-990,22331,0.345162849,22331,0.345162849,-990,-990,-990,-990,-990,-990,-990,-990,-990
5,Latin America,Uruguay,598,1989,11,Department,Maldonado,9,Nacional,27,Luis Alberto Lacalle; Carlos Julio Pereyra; Alberto Zumarán,-990,58359,58359,-990,-990,28584,0.441813393,28584,0.441813393,-990,-990,-990,-990,-990,-990,-990,-990,-990
5,Latin America,Uruguay,598,1989,11,Department,Maldonado,9,FrenteAmplio,13,Liber Seregni,-990,58359,58359,-990,-990,7444,0.115059433,7444,0.115059433,-990,-990,-990,-990,-990,-990,-990,-990,-990
5,Latin America,Uruguay,598,1989,11,Department,Montevideo,10,Colorado,7,Jorge Batlle; Jorge Pacheco Areco; Hugo Fernández Faingold,-990,780372,780372,-990,-990,226372,0.249637737,226372,0.249637737,-990,-990,-990,-990,-990,-990,-990,-990,-990
5,Latin America,Uruguay,598,1989,11,Department,Montevideo,10,Nacional,27,Luis Alberto Lacalle; Carlos Julio Pereyra; Alberto Zumarán,-990,780372,780372,-990,-990,241222,0.266013966,241222,0.266013966,-990,-990,-990,-990,-990,-990,-990,-990,-990
5,Latin America,Uruguay,598,1989,11,Department,Montevideo,10,FrenteAmplio,13,Liber Seregni,-990,780372,780372,-990,-990,312778,0.34492424,312778,0.34492424,-990,-990,-990,-990,-990,-990,-990,-990,-990
5,Latin America,Uruguay,598,1989,11,Department,Paysandú,11,Colorado,7,Jorge Batlle; Jorge Pacheco Areco; Hugo Fernández Faingold,-990,62037,62037,-990,-990,21099,0.318571644,21099,0.318571644,-990,-990,-990,-990,-990,-990,-990,-990,-990
5,Latin America,Uruguay,598,1989,11,Department,Paysandú,11,Nacional,27,Luis Alberto Lacalle; Carlos Julio Pereyra; Alberto Zumarán,-990,62037,62037,-990,-990,34026,0.513755112,34026,0.513755112,-990,-990,-990,-990,-990,-990,-990,-990,-990
5,Latin America,Uruguay,598,1989,11,Department,Paysandú,11,FrenteAmplio,13,Liber Seregni,-990,62037,62037,-990,-990,6912,0.104363585,6912,0.104363585,-990,-990,-990,-990,-990,-990,-990,-990,-990
5,Latin America,Uruguay,598,1989,11,Department,Río Negro,12,Colorado,7,Jorge Batlle; Jorge Pacheco Areco; Hugo Fernández Faingold,-990,29043,29043,-990,-990,13527,0.44961113,13527,0.44961113,-990,-990,-990,-990,-990,-990,-990,-990,-990
5,Latin America,Uruguay,598,1989,11,Department,Río Negro,12,Nacional,27,Luis Alberto Lacalle; Carlos Julio Pereyra; Alberto Zumarán,-990,29043,29043,-990,-990,12302,0.408894501,12302,0.408894501,-990,-990,-990,-990,-990,-990,-990,-990,-990
5,Latin America,Uruguay,598,1989,11,Department,Río Negro,12,FrenteAmplio,13,Liber Seregni,-990,29043,29043,-990,-990,3214,0.106827097,3214,0.106827097,-990,-990,-990,-990,-990,-990,-990,-990,-990
5,Latin America,Uruguay,598,1989,11,Department,Rivera,13,Colorado,7,Jorge Batlle; Jorge Pacheco Areco; Hugo Fernández Faingold,-990,60130,60130,-990,-990,26299,0.428559799,26299,0.428559799,-990,-990,-990,-990,-990,-990,-990,-990,-990
5,Latin America,Uruguay,598,1989,11,Department,Rivera,13,Nacional,27,Luis Alberto Lacalle; Carlos Julio Pereyra; Alberto Zumarán,-990,60130,60130,-990,-990,30509,0.497164536,30509,0.497164536,-990,-990,-990,-990,-990,-990,-990,-990,-990
5,Latin America,Uruguay,598,1989,11,Department,Rivera,13,FrenteAmplio,13,Liber Seregni,-990,60130,60130,-990,-990,3322,0.054134212,3322,0.054134212,-990,-990,-990,-990,-990,-990,-990,-990,-990
5,Latin America,Uruguay,598,1989,11,Department,Rocha,14,Colorado,7,Jorge Batlle; Jorge Pacheco Areco; Hugo Fernández Faingold,-990,43644,43644,-990,-990,17758,0.390157089,17758,0.390157089,-990,-990,-990,-990,-990,-990,-990,-990,-990
5,Latin America,Uruguay,598,1989,11,Department,Rocha,14,Nacional,27,Luis Alberto Lacalle; Carlos Julio Pereyra; Alberto Zumarán,-990,43644,43644,-990,-990,23134,0.50827198,23134,0.50827198,-990,-990,-990,-990,-990,-990,-990,-990,-990
5,Latin America,Uruguay,598,1989,11,Department,Rocha,14,FrenteAmplio,13,Liber Seregni,-990,43644,43644,-990,-990,2752,0.060463581,2752,0.060463581,-990,-990,-990,-990,-990,-990,-990,-990,-990
5,Latin America,Uruguay,598,1989,11,Department,Salto,15,Colorado,7,Jorge Batlle; Jorge Pacheco Areco; Hugo Fernández Faingold,-990,63902,63902,-990,-990,24503,0.361395836,24503,0.361395836,-990,-990,-990,-990,-990,-990,-990,-990,-990
5,Latin America,Uruguay,598,1989,11,Department,Salto,15,Nacional,27,Luis Alberto Lacalle; Carlos Julio Pereyra; Alberto Zumarán,-990,63902,63902,-990,-990,33628,0.495980873,33628,0.495980873,-990,-990,-990,-990,-990,-990,-990,-990,-990
5,Latin America,Uruguay,598,1989,11,Department,Salto,15,FrenteAmplio,13,Liber Seregni,-990,63902,63902,-990,-990,5771,0.085116739,5771,0.085116739,-990,-990,-990,-990,-990,-990,-990,-990,-990
5,Latin America,Uruguay,598,1989,11,Department,San José,16,Colorado,7,Jorge Batlle; Jorge Pacheco Areco; Hugo Fernández Faingold,-990,52555,52555,-990,-990,14938,0.263349972,14938,0.263349972,-990,-990,-990,-990,-990,-990,-990,-990,-990
5,Latin America,Uruguay,598,1989,11,Department,San José,16,Nacional,27,Luis Alberto Lacalle; Carlos Julio Pereyra; Alberto Zumarán,-990,52555,52555,-990,-990,31716,0.55913826,31716,0.55913826,-990,-990,-990,-990,-990,-990,-990,-990,-990
5,Latin America,Uruguay,598,1989,11,Department,San José,16,FrenteAmplio,13,Liber Seregni,-990,52555,52555,-990,-990,5901,0.104031878,5901,0.104031878,-990,-990,-990,-990,-990,-990,-990,-990,-990
5,Latin America,Uruguay,598,1989,11,Department,Soriano,17,Colorado,7,Jorge Batlle; Jorge Pacheco Areco; Hugo Fernández Faingold,-990,51749,51749,-990,-990,18948,0.347580452,18948,0.347580452,-990,-990,-990,-990,-990,-990,-990,-990,-990
5,Latin America,Uruguay,598,1989,11,Department,Soriano,17,Nacional,27,Luis Alberto Lacalle; Carlos Julio Pereyra; Alberto Zumarán,-990,51749,51749,-990,-990,27284,0.5004953,27284,0.5004953,-990,-990,-990,-990,-990,-990,-990,-990,-990
5,Latin America,Uruguay,598,1989,11,Department,Soriano,17,FrenteAmplio,13,Liber Seregni,-990,51749,51749,-990,-990,5517,0.101203365,5517,0.101203365,-990,-990,-990,-990,-990,-990,-990,-990,-990
5,Latin America,Uruguay,598,1989,11,Department,Tacuarembó,18,Colorado,7,Jorge Batlle; Jorge Pacheco Areco; Hugo Fernández Faingold,-990,54371,54371,-990,-990,20183,0.358789749,20183,0.358789749,-990,-990,-990,-990,-990,-990,-990,-990,-990
5,Latin America,Uruguay,598,1989,11,Department,Tacuarembó,18,Nacional,27,Luis Alberto Lacalle; Carlos Julio Pereyra; Alberto Zumarán,-990,54371,54371,-990,-990,30448,0.541268921,30448,0.541268921,-990,-990,-990,-990,-990,-990,-990,-990,-990
5,Latin America,Uruguay,598,1989,11,Department,Tacuarembó,18,FrenteAmplio,13,Liber Seregni,-990,54371,54371,-990,-990,3740,0.066485343,3740,0.066485343,-990,-990,-990,-990,-990,-990,-990,-990,-990
5,Latin America,Uruguay,598,1989,11,Department,Treinta y Tres,19,Colorado,7,Jorge Batlle; Jorge Pacheco Areco; Hugo Fernández Faingold,-990,30083,30083,-990,-990,11695,0.376480827,11695,0.376480827,-990,-990,-990,-990,-990,-990,-990,-990,-990
5,Latin America,Uruguay,598,1989,11,Department,Treinta y Tres,19,Nacional,27,Luis Alberto Lacalle; Carlos Julio Pereyra; Alberto Zumarán,-990,30083,30083,-990,-990,16920,0.544681931,16920,0.544681931,-990,-990,-990,-990,-990,-990,-990,-990,-990
5,Latin America,Uruguay,598,1989,11,Department,Treinta y Tres,19,FrenteAmplio,13,Liber Seregni,-990,30083,30083,-990,-990,1468,0.047257276,1468,0.047257276,-990,-990,-990,-990,-990,-990,-990,-990,-990
5,Latin America,Uruguay,598,1994,11,Department,Artigas,1,Colorado,7,Julio María Sanguinetti; Jorge Batlle Ibáñez; Jorge Pacheco Areco,-990,45021,45021,-990,-990,19723,0.433396339,19723,0.433396339,-990,-990,-990,-990,-990,-990,-990,-990,-990
5,Latin America,Uruguay,598,1994,11,Department,Artigas,1,Nacional,27,Alberto Volonté; Juan Andrés Ramírez; Carlos Julio Pereyra,-990,45021,45021,-990,-990,19150,0.42080513,19150,0.42080513,-990,-990,-990,-990,-990,-990,-990,-990,-990
5,Latin America,Uruguay,598,1994,11,Department,Artigas,1,FrenteAmplio,13,Tabaré Vázquez,-990,45021,45021,-990,-990,6148,0.135097122,6148,0.135097122,-990,-990,-990,-990,-990,-990,-990,-990,-990
5,Latin America,Uruguay,598,1994,11,Department,Canelones,2,Colorado,7,Julio María Sanguinetti; Jorge Batlle Ibáñez; Jorge Pacheco Areco,-990,222947,222947,-990,-990,82831,0.347864265,82831,0.347864265,-990,-990,-990,-990,-990,-990,-990,-990,-990
5,Latin America,Uruguay,598,1994,11,Department,Canelones,2,Nacional,27,Alberto Volonté; Juan Andrés Ramírez; Carlos Julio Pereyra,-990,222947,222947,-990,-990,73668,0.309382515,73668,0.309382515,-990,-990,-990,-990,-990,-990,-990,-990,-990
5,Latin America,Uruguay,598,1994,11,Department,Canelones,2,FrenteAmplio,13,Tabaré Vázquez,-990,222947,222947,-990,-990,66448,0.279060783,66448,0.279060783,-990,-990,-990,-990,-990,-990,-990,-990,-990
5,Latin America,Uruguay,598,1994,11,Department,Cerro Largo,3,Colorado,7,Julio María Sanguinetti; Jorge Batlle Ibáñez; Jorge Pacheco Areco,-990,53536,53536,-990,-990,17747,0.326141701,17747,0.326141701,-990,-990,-990,-990,-990,-990,-990,-990,-990
5,Latin America,Uruguay,598,1994,11,Department,Cerro Largo,3,Nacional,27,Alberto Volonté; Juan Andrés Ramírez; Carlos Julio Pereyra,-990,53536,53536,-990,-990,28053,0.515537987,28053,0.515537987,-990,-990,-990,-990,-990,-990,-990,-990,-990
5,Latin America,Uruguay,598,1994,11,Department,Cerro Largo,3,FrenteAmplio,13,Tabaré Vázquez,-990,53536,53536,-990,-990,7736,0.142166681,7736,0.142166681,-990,-990,-990,-990,-990,-990,-990,-990,-990
5,Latin America,Uruguay,598,1994,11,Department,Colonia,4,Colorado,7,Julio María Sanguinetti; Jorge Batlle Ibáñez; Jorge Pacheco Areco,-990,76854,76854,-990,-990,29762,0.372187843,29762,0.372187843,-990,-990,-990,-990,-990,-990,-990,-990,-990
5,Latin America,Uruguay,598,1994,11,Department,Colonia,4,Nacional,27,Alberto Volonté; Juan Andrés Ramírez; Carlos Julio Pereyra,-990,76854,76854,-990,-990,30918,0.386644173,30918,0.386644173,-990,-990,-990,-990,-990,-990,-990,-990,-990
5,Latin America,Uruguay,598,1994,11,Department,Colonia,4,FrenteAmplio,13,Tabaré Vázquez,-990,76854,76854,-990,-990,16174,0.202263489,16174,0.202263489,-990,-990,-990,-990,-990,-990,-990,-990,-990
5,Latin America,Uruguay,598,1994,11,Department,Durazno,5,Colorado,7,Julio María Sanguinetti; Jorge Batlle Ibáñez; Jorge Pacheco Areco,-990,34644,34644,-990,-990,11837,0.331253166,11837,0.331253166,-990,-990,-990,-990,-990,-990,-990,-990,-990
5,Latin America,Uruguay,598,1994,11,Department,Durazno,5,Nacional,27,Alberto Volonté; Juan Andrés Ramírez; Carlos Julio Pereyra,-990,34644,34644,-990,-990,18477,0.51707058,18477,0.51707058,-990,-990,-990,-990,-990,-990,-990,-990,-990
5,Latin America,Uruguay,598,1994,11,Department,Durazno,5,FrenteAmplio,13,Tabaré Vázquez,-990,34644,34644,-990,-990,4330,0.121173115,4330,0.121173115,-990,-990,-990,-990,-990,-990,-990,-990,-990
5,Latin America,Uruguay,598,1994,11,Department,Flores,6,Colorado,7,Julio María Sanguinetti; Jorge Batlle Ibáñez; Jorge Pacheco Areco,-990,16657,16657,-990,-990,5783,0.336201401,5783,0.336201401,-990,-990,-990,-990,-990,-990,-990,-990,-990
5,Latin America,Uruguay,598,1994,11,Department,Flores,6,Nacional,27,Alberto Volonté; Juan Andrés Ramírez; Carlos Julio Pereyra,-990,16657,16657,-990,-990,8490,0.493575974,8490,0.493575974,-990,-990,-990,-990,-990,-990,-990,-990,-990
5,Latin America,Uruguay,598,1994,11,Department,Flores,6,FrenteAmplio,13,Tabaré Vázquez,-990,16657,16657,-990,-990,2384,0.138596592,2384,0.138596592,-990,-990,-990,-990,-990,-990,-990,-990,-990
5,Latin America,Uruguay,598,1994,11,Department,Florida,7,Colorado,7,Julio María Sanguinetti; Jorge Batlle Ibáñez; Jorge Pacheco Areco,-990,43930,43930,-990,-990,17788,0.388011513,17788,0.388011513,-990,-990,-990,-990,-990,-990,-990,-990,-990
5,Latin America,Uruguay,598,1994,11,Department,Florida,7,Nacional,27,Alberto Volonté; Juan Andrés Ramírez; Carlos Julio Pereyra,-990,43930,43930,-990,-990,17609,0.384106979,17609,0.384106979,-990,-990,-990,-990,-990,-990,-990,-990,-990
5,Latin America,Uruguay,598,1994,11,Department,Florida,7,FrenteAmplio,13,Tabaré Vázquez,-990,43930,43930,-990,-990,8533,0.186131229,8533,0.186131229,-990,-990,-990,-990,-990,-990,-990,-990,-990
5,Latin America,Uruguay,598,1994,11,Department,Lavalleja,8,Colorado,7,Julio María Sanguinetti; Jorge Batlle Ibáñez; Jorge Pacheco Areco,-990,41595,41595,-990,-990,16645,0.387534637,16645,0.387534637,-990,-990,-990,-990,-990,-990,-990,-990,-990
5,Latin America,Uruguay,598,1994,11,Department,Lavalleja,8,Nacional,27,Alberto Volonté; Juan Andrés Ramírez; Carlos Julio Pereyra,-990,41595,41595,-990,-990,19903,0.463388519,19903,0.463388519,-990,-990,-990,-990,-990,-990,-990,-990,-990
5,Latin America,Uruguay,598,1994,11,Department,Lavalleja,8,FrenteAmplio,13,Tabaré Vázquez,-990,41595,41595,-990,-990,5047,0.117505999,5047,0.117505999,-990,-990,-990,-990,-990,-990,-990,-990,-990
5,Latin America,Uruguay,598,1994,11,Department,Maldonado,9,Colorado,7,Julio María Sanguinetti; Jorge Batlle Ibáñez; Jorge Pacheco Areco,-990,68871,68871,-990,-990,25113,0.344584846,25113,0.344584846,-990,-990,-990,-990,-990,-990,-990,-990,-990
5,Latin America,Uruguay,598,1994,11,Department,Maldonado,9,Nacional,27,Alberto Volonté; Juan Andrés Ramírez; Carlos Julio Pereyra,-990,68871,68871,-990,-990,30033,0.412094002,30033,0.412094002,-990,-990,-990,-990,-990,-990,-990,-990,-990
5,Latin America,Uruguay,598,1994,11,Department,Maldonado,9,FrenteAmplio,13,Tabaré Vázquez,-990,68871,68871,-990,-990,13725,0.188325863,13725,0.188325863,-990,-990,-990,-990,-990,-990,-990,-990,-990
5,Latin America,Uruguay,598,1994,11,Department,Montevideo,10,Colorado,7,Julio María Sanguinetti; Jorge Batlle Ibáñez; Jorge Pacheco Areco,-990,842598,842598,-990,-990,243921,0.265568562,243921,0.265568562,-990,-990,-990,-990,-990,-990,-990,-990,-990
5,Latin America,Uruguay,598,1994,11,Department,Montevideo,10,Nacional,27,Alberto Volonté; Juan Andrés Ramírez; Carlos Julio Pereyra,-990,842598,842598,-990,-990,193566,0.210744648,193566,0.210744648,-990,-990,-990,-990,-990,-990,-990,-990,-990
5,Latin America,Uruguay,598,1994,11,Department,Montevideo,10,FrenteAmplio,13,Tabaré Vázquez,-990,842598,842598,-990,-990,405111,0.441063881,405111,0.441063881,-990,-990,-990,-990,-990,-990,-990,-990,-990
5,Latin America,Uruguay,598,1994,11,Department,Paysandú,11,Colorado,7,Julio María Sanguinetti; Jorge Batlle Ibáñez; Jorge Pacheco Areco,-990,63484,63484,-990,-990,21127,0.323631668,21127,0.323631668,-990,-990,-990,-990,-990,-990,-990,-990,-990
5,Latin America,Uruguay,598,1994,11,Department,Paysandú,11,Nacional,27,Alberto Volonté; Juan Andrés Ramírez; Carlos Julio Pereyra,-990,63484,63484,-990,-990,24553,0.37611248,24553,0.37611248,-990,-990,-990,-990,-990,-990,-990,-990,-990
5,Latin America,Uruguay,598,1994,11,Department,Paysandú,11,FrenteAmplio,13,Tabaré Vázquez,-990,63484,63484,-990,-990,17804,0.272728672,17804,0.272728672,-990,-990,-990,-990,-990,-990,-990,-990,-990
5,Latin America,Uruguay,598,1994,11,Department,Río Negro,12,Colorado,7,Julio María Sanguinetti; Jorge Batlle Ibáñez; Jorge Pacheco Areco,-990,30481,30481,-990,-990,13335,0.42691124,13335,0.42691124,-990,-990,-990,-990,-990,-990,-990,-990,-990
5,Latin America,Uruguay,598,1994,11,Department,Río Negro,12,Nacional,27,Alberto Volonté; Juan Andrés Ramírez; Carlos Julio Pereyra,-990,30481,30481,-990,-990,11510,0.368485069,11510,0.368485069,-990,-990,-990,-990,-990,-990,-990,-990,-990
5,Latin America,Uruguay,598,1994,11,Department,Río Negro,12,FrenteAmplio,13,Tabaré Vázquez,-990,30481,30481,-990,-990,5636,0.180432835,5636,0.180432835,-990,-990,-990,-990,-990,-990,-990,-990,-990
5,Latin America,Uruguay,598,1994,11,Department,Rivera,13,Colorado,7,Julio María Sanguinetti; Jorge Batlle Ibáñez; Jorge Pacheco Areco,-990,62189,62189,-990,-990,31611,0.502591591,31611,0.502591591,-990,-990,-990,-990,-990,-990,-990,-990,-990
5,Latin America,Uruguay,598,1994,11,Department,Rivera,13,Nacional,27,Alberto Volonté; Juan Andrés Ramírez; Carlos Julio Pereyra,-990,62189,62189,-990,-990,24706,0.392807159,24706,0.392807159,-990,-990,-990,-990,-990,-990,-990,-990,-990
5,Latin America,Uruguay,598,1994,11,Department,Rivera,13,FrenteAmplio,13,Tabaré Vázquez,-990,62189,62189,-990,-990,5872,0.093360472,5872,0.093360472,-990,-990,-990,-990,-990,-990,-990,-990,-990
5,Latin America,Uruguay,598,1994,11,Department,Rocha,14,Colorado,7,Julio María Sanguinetti; Jorge Batlle Ibáñez; Jorge Pacheco Areco,-990,44660,44660,-990,-990,20376,0.440324135,20376,0.440324135,-990,-990,-990,-990,-990,-990,-990,-990,-990
5,Latin America,Uruguay,598,1994,11,Department,Rocha,14,Nacional,27,Alberto Volonté; Juan Andrés Ramírez; Carlos Julio Pereyra,-990,44660,44660,-990,-990,18017,0.389346313,18017,0.389346313,-990,-990,-990,-990,-990,-990,-990,-990,-990
5,Latin America,Uruguay,598,1994,11,Department,Rocha,14,FrenteAmplio,13,Tabaré Vázquez,-990,44660,44660,-990,-990,6267,0.135429497,6267,0.135429497,-990,-990,-990,-990,-990,-990,-990,-990,-990
5,Latin America,Uruguay,598,1994,11,Department,Salto,15,Colorado,7,Julio María Sanguinetti; Jorge Batlle Ibáñez; Jorge Pacheco Areco,-990,68466,68466,-990,-990,29311,0.418256531,29311,0.418256531,-990,-990,-990,-990,-990,-990,-990,-990,-990
5,Latin America,Uruguay,598,1994,11,Department,Salto,15,Nacional,27,Alberto Volonté; Juan Andrés Ramírez; Carlos Julio Pereyra,-990,68466,68466,-990,-990,24518,0.349862289,24518,0.349862289,-990,-990,-990,-990,-990,-990,-990,-990,-990
5,Latin America,Uruguay,598,1994,11,Department,Salto,15,FrenteAmplio,13,Tabaré Vázquez,-990,68466,68466,-990,-990,14637,0.208864288,14637,0.208864288,-990,-990,-990,-990,-990,-990,-990,-990,-990
5,Latin America,Uruguay,598,1994,11,Department,San José,16,Colorado,7,Julio María Sanguinetti; Jorge Batlle Ibáñez; Jorge Pacheco Areco,-990,55987,55987,-990,-990,18018,0.30504858,18018,0.30504858,-990,-990,-990,-990,-990,-990,-990,-990,-990
5,Latin America,Uruguay,598,1994,11,Department,San José,16,Nacional,27,Alberto Volonté; Juan Andrés Ramírez; Carlos Julio Pereyra,-990,55987,55987,-990,-990,25955,0.439423714,25955,0.439423714,-990,-990,-990,-990,-990,-990,-990,-990,-990
5,Latin America,Uruguay,598,1994,11,Department,San José,16,FrenteAmplio,13,Tabaré Vázquez,-990,55987,55987,-990,-990,12014,0.203399582,12014,0.203399582,-990,-990,-990,-990,-990,-990,-990,-990,-990
5,Latin America,Uruguay,598,1994,11,Department,Soriano,17,Colorado,7,Julio María Sanguinetti; Jorge Batlle Ibáñez; Jorge Pacheco Areco,-990,52640,52640,-990,-990,20088,0.369944763,20088,0.369944763,-990,-990,-990,-990,-990,-990,-990,-990,-990
5,Latin America,Uruguay,598,1994,11,Department,Soriano,17,Nacional,27,Alberto Volonté; Juan Andrés Ramírez; Carlos Julio Pereyra,-990,52640,52640,-990,-990,20734,0.381841621,20734,0.381841621,-990,-990,-990,-990,-990,-990,-990,-990,-990
5,Latin America,Uruguay,598,1994,11,Department,Soriano,17,FrenteAmplio,13,Tabaré Vázquez,-990,52640,52640,-990,-990,11818,0.217642727,11818,0.217642727,-990,-990,-990,-990,-990,-990,-990,-990,-990
5,Latin America,Uruguay,598,1994,11,Department,Tacuarembó,18,Colorado,7,Julio María Sanguinetti; Jorge Batlle Ibáñez; Jorge Pacheco Areco,-990,56042,56042,-990,-990,19319,0.336251602,19319,0.336251602,-990,-990,-990,-990,-990,-990,-990,-990,-990
5,Latin America,Uruguay,598,1994,11,Department,Tacuarembó,18,Nacional,27,Alberto Volonté; Juan Andrés Ramírez; Carlos Julio Pereyra,-990,56042,56042,-990,-990,29023,0.505151939,29023,0.505151939,-990,-990,-990,-990,-990,-990,-990,-990,-990
5,Latin America,Uruguay,598,1994,11,Department,Tacuarembó,18,FrenteAmplio,13,Tabaré Vázquez,-990,56042,56042,-990,-990,7700,0.134020262,7700,0.134020262,-990,-990,-990,-990,-990,-990,-990,-990,-990
5,Latin America,Uruguay,598,1994,11,Department,Treinta y Tres,19,Colorado,7,Julio María Sanguinetti; Jorge Batlle Ibáñez; Jorge Pacheco Areco,-990,30436,30436,-990,-990,12093,0.382714081,12093,0.382714081,-990,-990,-990,-990,-990,-990,-990,-990,-990
5,Latin America,Uruguay,598,1994,11,Department,Treinta y Tres,19,Nacional,27,Alberto Volonté; Juan Andrés Ramírez; Carlos Julio Pereyra,-990,30436,30436,-990,-990,14501,0.458921432,14501,0.458921432,-990,-990,-990,-990,-990,-990,-990,-990,-990
5,Latin America,Uruguay,598,1994,11,Department,Treinta y Tres,19,FrenteAmplio,13,Tabaré Vázquez,-990,30436,30436,-990,-990,3842,0.121589975,3842,0.121589975,-990,-990,-990,-990,-990,-990,-990,-990,-990
5,Latin America,Uruguay,598,1999,10,Department,Artigas,1,Colorado,7,Jorge Batlle,-990,47255,47255,-990,-990,19753,0.411967125,19753,0.411967125,-990,-990,-990,-990,-990,-990,-990,-990,-990
5,Latin America,Uruguay,598,1999,10,Department,Artigas,1,Nacional,27,Luis Alberto Lacalle,-990,47255,47255,-990,-990,16595,0.346104126,16595,0.346104126,-990,-990,-990,-990,-990,-990,-990,-990,-990
5,Latin America,Uruguay,598,1999,10,Department,Artigas,1,FrenteAmplio,13,Tabaré Vázquez,-990,47255,47255,-990,-990,10907,0.227475605,10907,0.227475605,-990,-990,-990,-990,-990,-990,-990,-990,-990
5,Latin America,Uruguay,598,1999,10,Department,Canelones,2,Colorado,7,Jorge Batlle,-990,256758,256758,-990,-990,90355,0.333203049,90355,0.333203049,-990,-990,-990,-990,-990,-990,-990,-990,-990
5,Latin America,Uruguay,598,1999,10,Department,Canelones,2,Nacional,27,Luis Alberto Lacalle,-990,256758,256758,-990,-990,59832,0.220643063,59832,0.220643063,-990,-990,-990,-990,-990,-990,-990,-990,-990
5,Latin America,Uruguay,598,1999,10,Department,Canelones,2,FrenteAmplio,13,Tabaré Vázquez,-990,256758,256758,-990,-990,106571,0.39300293,106571,0.39300293,-990,-990,-990,-990,-990,-990,-990,-990,-990
5,Latin America,Uruguay,598,1999,10,Department,Cerro Largo,3,Colorado,7,Jorge Batlle,-990,55423,55423,-990,-990,18376,0.323253632,18376,0.323253632,-990,-990,-990,-990,-990,-990,-990,-990,-990
5,Latin America,Uruguay,598,1999,10,Department,Cerro Largo,3,Nacional,27,Luis Alberto Lacalle,-990,55423,55423,-990,-990,21814,0.383731766,21814,0.383731766,-990,-990,-990,-990,-990,-990,-990,-990,-990
5,Latin America,Uruguay,598,1999,10,Department,Cerro Largo,3,FrenteAmplio,13,Tabaré Vázquez,-990,55423,55423,-990,-990,15233,0.267964897,15233,0.267964897,-990,-990,-990,-990,-990,-990,-990,-990,-990
5,Latin America,Uruguay,598,1999,10,Department,Colonia,4,Colorado,7,Jorge Batlle,-990,79034,79034,-990,-990,28197,0.335770493,28197,0.335770493,-990,-990,-990,-990,-990,-990,-990,-990,-990
5,Latin America,Uruguay,598,1999,10,Department,Colonia,4,Nacional,27,Luis Alberto Lacalle,-990,79034,79034,-990,-990,25639,0.305309792,25639,0.305309792,-990,-990,-990,-990,-990,-990,-990,-990,-990
5,Latin America,Uruguay,598,1999,10,Department,Colonia,4,FrenteAmplio,13,Tabaré Vázquez,-990,79034,79034,-990,-990,25198,0.300058346,25198,0.300058346,-990,-990,-990,-990,-990,-990,-990,-990,-990
5,Latin America,Uruguay,598,1999,10,Department,Durazno,5,Colorado,7,Jorge Batlle,-990,37344,37344,-990,-990,14206,0.368116913,14206,0.368116913,-990,-990,-990,-990,-990,-990,-990,-990,-990
5,Latin America,Uruguay,598,1999,10,Department,Durazno,5,Nacional,27,Luis Alberto Lacalle,-990,37344,37344,-990,-990,14693,0.380736427,14693,0.380736427,-990,-990,-990,-990,-990,-990,-990,-990,-990
5,Latin America,Uruguay,598,1999,10,Department,Durazno,5,FrenteAmplio,13,Tabaré Vázquez,-990,37344,37344,-990,-990,8445,0.218833408,8445,0.218833408,-990,-990,-990,-990,-990,-990,-990,-990,-990
5,Latin America,Uruguay,598,1999,10,Department,Flores,6,Colorado,7,Jorge Batlle,-990,17838,17838,-990,-990,6499,0.352497711,6499,0.352497711,-990,-990,-990,-990,-990,-990,-990,-990,-990
5,Latin America,Uruguay,598,1999,10,Department,Flores,6,Nacional,27,Luis Alberto Lacalle,-990,17838,17838,-990,-990,7343,0.398275223,7343,0.398275223,-990,-990,-990,-990,-990,-990,-990,-990,-990
5,Latin America,Uruguay,598,1999,10,Department,Flores,6,FrenteAmplio,13,Tabaré Vázquez,-990,17838,17838,-990,-990,3996,0.216738091,3996,0.216738091,-990,-990,-990,-990,-990,-990,-990,-990,-990
5,Latin America,Uruguay,598,1999,10,Department,Florida,7,Colorado,7,Jorge Batlle,-990,46346,46346,-990,-990,16897,0.351274376,16897,0.351274376,-990,-990,-990,-990,-990,-990,-990,-990,-990
5,Latin America,Uruguay,598,1999,10,Department,Florida,7,Nacional,27,Luis Alberto Lacalle,-990,46346,46346,-990,-990,15491,0.32204483,15491,0.32204483,-990,-990,-990,-990,-990,-990,-990,-990,-990
5,Latin America,Uruguay,598,1999,10,Department,Florida,7,FrenteAmplio,13,Tabaré Vázquez,-990,46346,46346,-990,-990,13958,0.290175037,13958,0.290175037,-990,-990,-990,-990,-990,-990,-990,-990,-990
5,Latin America,Uruguay,598,1999,10,Department,Lavalleja,8,Colorado,7,Jorge Batlle,-990,43216,43216,-990,-990,17805,0.396494904,17805,0.396494904,-990,-990,-990,-990,-990,-990,-990,-990,-990
5,Latin America,Uruguay,598,1999,10,Department,Lavalleja,8,Nacional,27,Luis Alberto Lacalle,-990,43216,43216,-990,-990,15954,0.355275459,15954,0.355275459,-990,-990,-990,-990,-990,-990,-990,-990,-990
5,Latin America,Uruguay,598,1999,10,Department,Lavalleja,8,FrenteAmplio,13,Tabaré Vázquez,-990,43216,43216,-990,-990,9457,0.210595474,9457,0.210595474,-990,-990,-990,-990,-990,-990,-990,-990,-990
5,Latin America,Uruguay,598,1999,10,Department,Maldonado,9,Colorado,7,Jorge Batlle,-990,81154,81154,-990,-990,30485,0.356220551,30485,0.356220551,-990,-990,-990,-990,-990,-990,-990,-990,-990
5,Latin America,Uruguay,598,1999,10,Department,Maldonado,9,Nacional,27,Luis Alberto Lacalle,-990,81154,81154,-990,-990,20168,0.235665283,20168,0.235665283,-990,-990,-990,-990,-990,-990,-990,-990,-990
5,Latin America,Uruguay,598,1999,10,Department,Maldonado,9,FrenteAmplio,13,Tabaré Vázquez,-990,81154,81154,-990,-990,30501,0.356407547,30501,0.356407547,-990,-990,-990,-990,-990,-990,-990,-990,-990
5,Latin America,Uruguay,598,1999,10,Department,Montevideo,10,Colorado,7,Jorge Batlle,-990,881694,881694,-990,-990,278684,0.297773991,278684,0.297773991,-990,-990,-990,-990,-990,-990,-990,-990,-990
5,Latin America,Uruguay,598,1999,10,Department,Montevideo,10,Nacional,27,Luis Alberto Lacalle,-990,881694,881694,-990,-990,118569,0.126691036,118569,0.126691036,-990,-990,-990,-990,-990,-990,-990,-990,-990
5,Latin America,Uruguay,598,1999,10,Department,Montevideo,10,FrenteAmplio,13,Tabaré Vázquez,-990,881694,881694,-990,-990,484441,0.517625465,484441,0.517625465,-990,-990,-990,-990,-990,-990,-990,-990,-990
5,Latin America,Uruguay,598,1999,10,Department,Paysandú,11,Colorado,7,Jorge Batlle,-990,70694,70694,-990,-990,20654,0.281608334,20654,0.281608334,-990,-990,-990,-990,-990,-990,-990,-990,-990
5,Latin America,Uruguay,598,1999,10,Department,Paysandú,11,Nacional,27,Luis Alberto Lacalle,-990,70694,70694,-990,-990,19119,0.260679283,19119,0.260679283,-990,-990,-990,-990,-990,-990,-990,-990,-990
5,Latin America,Uruguay,598,1999,10,Department,Paysandú,11,FrenteAmplio,13,Tabaré Vázquez,-990,70694,70694,-990,-990,30921,0.421594429,30921,0.421594429,-990,-990,-990,-990,-990,-990,-990,-990,-990
5,Latin America,Uruguay,598,1999,10,Department,Río Negro,12,Colorado,7,Jorge Batlle,-990,32396,32396,-990,-990,14314,0.422266808,14314,0.422266808,-990,-990,-990,-990,-990,-990,-990,-990,-990
5,Latin America,Uruguay,598,1999,10,Department,Río Negro,12,Nacional,27,Luis Alberto Lacalle,-990,32396,32396,-990,-990,8250,0.24337719,8250,0.24337719,-990,-990,-990,-990,-990,-990,-990,-990,-990
5,Latin America,Uruguay,598,1999,10,Department,Río Negro,12,FrenteAmplio,13,Tabaré Vázquez,-990,32396,32396,-990,-990,9832,0.290046616,9832,0.290046616,-990,-990,-990,-990,-990,-990,-990,-990,-990
5,Latin America,Uruguay,598,1999,10,Department,Rivera,13,Colorado,7,Jorge Batlle,-990,65596,65596,-990,-990,28095,0.418709679,28095,0.418709679,-990,-990,-990,-990,-990,-990,-990,-990,-990
5,Latin America,Uruguay,598,1999,10,Department,Rivera,13,Nacional,27,Luis Alberto Lacalle,-990,65596,65596,-990,-990,24418,0.363910027,24418,0.363910027,-990,-990,-990,-990,-990,-990,-990,-990,-990
5,Latin America,Uruguay,598,1999,10,Department,Rivera,13,FrenteAmplio,13,Tabaré Vázquez,-990,65596,65596,-990,-990,13083,0.194980545,13083,0.194980545,-990,-990,-990,-990,-990,-990,-990,-990,-990
5,Latin America,Uruguay,598,1999,10,Department,Rocha,14,Colorado,7,Jorge Batlle,-990,47824,47824,-990,-990,17984,0.364078064,17984,0.364078064,-990,-990,-990,-990,-990,-990,-990,-990,-990
5,Latin America,Uruguay,598,1999,10,Department,Rocha,14,Nacional,27,Luis Alberto Lacalle,-990,47824,47824,-990,-990,15824,0.320349808,15824,0.320349808,-990,-990,-990,-990,-990,-990,-990,-990,-990
5,Latin America,Uruguay,598,1999,10,Department,Rocha,14,FrenteAmplio,13,Tabaré Vázquez,-990,47824,47824,-990,-990,14016,0.283747673,14016,0.283747673,-990,-990,-990,-990,-990,-990,-990,-990,-990
5,Latin America,Uruguay,598,1999,10,Department,Salto,15,Colorado,7,Jorge Batlle,-990,73301,73301,-990,-990,29490,0.387216225,29490,0.387216225,-990,-990,-990,-990,-990,-990,-990,-990,-990
5,Latin America,Uruguay,598,1999,10,Department,Salto,15,Nacional,27,Luis Alberto Lacalle,-990,73301,73301,-990,-990,19782,0.259746056,19782,0.259746056,-990,-990,-990,-990,-990,-990,-990,-990,-990
5,Latin America,Uruguay,598,1999,10,Department,Salto,15,FrenteAmplio,13,Tabaré Vázquez,-990,73301,73301,-990,-990,24029,0.315510979,24029,0.315510979,-990,-990,-990,-990,-990,-990,-990,-990,-990
5,Latin America,Uruguay,598,1999,10,Department,San José,16,Colorado,7,Jorge Batlle,-990,61316,61316,-990,-990,19622,0.307078362,19622,0.307078362,-990,-990,-990,-990,-990,-990,-990,-990,-990
5,Latin America,Uruguay,598,1999,10,Department,San José,16,Nacional,27,Luis Alberto Lacalle,-990,61316,61316,-990,-990,21704,0.339661026,21704,0.339661026,-990,-990,-990,-990,-990,-990,-990,-990,-990
5,Latin America,Uruguay,598,1999,10,Department,San José,16,FrenteAmplio,13,Tabaré Vázquez,-990,61316,61316,-990,-990,19990,0.312837448,19990,0.312837448,-990,-990,-990,-990,-990,-990,-990,-990,-990
5,Latin America,Uruguay,598,1999,10,Department,Soriano,17,Colorado,7,Jorge Batlle,-990,55845,55845,-990,-990,21697,0.375043221,21697,0.375043221,-990,-990,-990,-990,-990,-990,-990,-990,-990
5,Latin America,Uruguay,598,1999,10,Department,Soriano,17,Nacional,27,Luis Alberto Lacalle,-990,55845,55845,-990,-990,14875,0.25712162,14875,0.25712162,-990,-990,-990,-990,-990,-990,-990,-990,-990
5,Latin America,Uruguay,598,1999,10,Department,Soriano,17,FrenteAmplio,13,Tabaré Vázquez,-990,55845,55845,-990,-990,19273,0.333143196,19273,0.333143196,-990,-990,-990,-990,-990,-990,-990,-990,-990
5,Latin America,Uruguay,598,1999,10,Department,Tacuarembó,18,Colorado,7,Jorge Batlle,-990,59060,59060,-990,-990,19820,0.325259285,19820,0.325259285,-990,-990,-990,-990,-990,-990,-990,-990,-990
5,Latin America,Uruguay,598,1999,10,Department,Tacuarembó,18,Nacional,27,Luis Alberto Lacalle,-990,59060,59060,-990,-990,25561,0.419472885,25561,0.419472885,-990,-990,-990,-990,-990,-990,-990,-990,-990
5,Latin America,Uruguay,598,1999,10,Department,Tacuarembó,18,FrenteAmplio,13,Tabaré Vázquez,-990,59060,59060,-990,-990,13679,0.22448143,13679,0.22448143,-990,-990,-990,-990,-990,-990,-990,-990,-990
5,Latin America,Uruguay,598,1999,10,Department,Treinta y Tres,19,Colorado,7,Jorge Batlle,-990,32003,32003,-990,-990,10982,0.331602135,10982,0.331602135,-990,-990,-990,-990,-990,-990,-990,-990,-990
5,Latin America,Uruguay,598,1999,10,Department,Treinta y Tres,19,Nacional,27,Luis Alberto Lacalle,-990,32003,32003,-990,-990,13349,0.403073845,13349,0.403073845,-990,-990,-990,-990,-990,-990,-990,-990,-990
5,Latin America,Uruguay,598,1999,10,Department,Treinta y Tres,19,FrenteAmplio,13,Tabaré Vázquez,-990,32003,32003,-990,-990,7672,0.231656494,7672,0.231656494,-990,-990,-990,-990,-990,-990,-990,-990,-990
5,Latin America,Uruguay,598,2004,10,Department,Artigas,1,Colorado,7,Guillermo Stirling,-990,49300,49300,-990,-990,8563,0.172982903,8563,0.172982903,-990,-990,-990,-990,-990,-990,-990,-990,-990
5,Latin America,Uruguay,598,2004,10,Department,Artigas,1,Nacional,27,Jorge Larrañaga,-990,49300,49300,-990,-990,24517,0.495272903,24517,0.495272903,-990,-990,-990,-990,-990,-990,-990,-990,-990
5,Latin America,Uruguay,598,2004,10,Department,Artigas,1,FrenteAmplio,13,Tabaré Vázquez,-990,49300,49300,-990,-990,16220,0.327663536,16220,0.327663536,-990,-990,-990,-990,-990,-990,-990,-990,-990
5,Latin America,Uruguay,598,2004,10,Department,Canelones,2,Colorado,7,Guillermo Stirling,-990,288767,288767,-990,-990,28044,0.0946173,28044,0.0946173,-990,-990,-990,-990,-990,-990,-990,-990,-990
5,Latin America,Uruguay,598,2004,10,Department,Canelones,2,Nacional,27,Jorge Larrañaga,-990,288767,288767,-990,-990,98844,0.333488541,98844,0.333488541,-990,-990,-990,-990,-990,-990,-990,-990,-990
5,Latin America,Uruguay,598,2004,10,Department,Canelones,2,FrenteAmplio,13,Tabaré Vázquez,-990,288767,288767,-990,-990,161879,0.546161537,161879,0.546161537,-990,-990,-990,-990,-990,-990,-990,-990,-990
5,Latin America,Uruguay,598,2004,10,Department,Cerro Largo,3,Colorado,7,Guillermo Stirling,-990,58940,58940,-990,-990,6700,0.11309926,6700,0.11309926,-990,-990,-990,-990,-990,-990,-990,-990,-990
5,Latin America,Uruguay,598,2004,10,Department,Cerro Largo,3,Nacional,27,Jorge Larrañaga,-990,58940,58940,-990,-990,29129,0.491711693,29129,0.491711693,-990,-990,-990,-990,-990,-990,-990,-990,-990
5,Latin America,Uruguay,598,2004,10,Department,Cerro Largo,3,FrenteAmplio,13,Tabaré Vázquez,-990,58940,58940,-990,-990,23111,0.390124931,23111,0.390124931,-990,-990,-990,-990,-990,-990,-990,-990,-990
5,Latin America,Uruguay,598,2004,10,Department,Colonia,4,Colorado,7,Guillermo Stirling,-990,84115,84115,-990,-990,10136,0.117473898,10136,0.117473898,-990,-990,-990,-990,-990,-990,-990,-990,-990
5,Latin America,Uruguay,598,2004,10,Department,Colonia,4,Nacional,27,Jorge Larrañaga,-990,84115,84115,-990,-990,37302,0.432321548,37302,0.432321548,-990,-990,-990,-990,-990,-990,-990,-990,-990
5,Latin America,Uruguay,598,2004,10,Department,Colonia,4,FrenteAmplio,13,Tabaré Vázquez,-990,84115,84115,-990,-990,36677,0.425077934,36677,0.425077934,-990,-990,-990,-990,-990,-990,-990,-990,-990
5,Latin America,Uruguay,598,2004,10,Department,Durazno,5,Colorado,7,Guillermo Stirling,-990,39097,39097,-990,-990,6117,0.153385153,6117,0.153385153,-990,-990,-990,-990,-990,-990,-990,-990,-990
5,Latin America,Uruguay,598,2004,10,Department,Durazno,5,Nacional,27,Jorge Larrañaga,-990,39097,39097,-990,-990,19456,0.487863579,19456,0.487863579,-990,-990,-990,-990,-990,-990,-990,-990,-990
5,Latin America,Uruguay,598,2004,10,Department,Durazno,5,FrenteAmplio,13,Tabaré Vázquez,-990,39097,39097,-990,-990,13524,0.339117355,13524,0.339117355,-990,-990,-990,-990,-990,-990,-990,-990,-990
5,Latin America,Uruguay,598,2004,10,Department,Flores,6,Colorado,7,Guillermo Stirling,-990,18412,18412,-990,-990,2796,0.15007246,2796,0.15007246,-990,-990,-990,-990,-990,-990,-990,-990,-990
5,Latin America,Uruguay,598,2004,10,Department,Flores,6,Nacional,27,Jorge Larrañaga,-990,18412,18412,-990,-990,9567,0.513498993,9567,0.513498993,-990,-990,-990,-990,-990,-990,-990,-990,-990
5,Latin America,Uruguay,598,2004,10,Department,Flores,6,FrenteAmplio,13,Tabaré Vázquez,-990,18412,18412,-990,-990,6049,0.32467392,6049,0.32467392,-990,-990,-990,-990,-990,-990,-990,-990,-990
5,Latin America,Uruguay,598,2004,10,Department,Florida,7,Colorado,7,Guillermo Stirling,-990,48950,48950,-990,-990,7413,0.148589869,7413,0.148589869,-990,-990,-990,-990,-990,-990,-990,-990,-990
5,Latin America,Uruguay,598,2004,10,Department,Florida,7,Nacional,27,Jorge Larrañaga,-990,48950,48950,-990,-990,20495,0.410811996,20495,0.410811996,-990,-990,-990,-990,-990,-990,-990,-990,-990
5,Latin America,Uruguay,598,2004,10,Department,Florida,7,FrenteAmplio,13,Tabaré Vázquez,-990,48950,48950,-990,-990,21042,0.421776352,21042,0.421776352,-990,-990,-990,-990,-990,-990,-990,-990,-990
5,Latin America,Uruguay,598,2004,10,Department,Lavalleja,8,Colorado,7,Guillermo Stirling,-990,43923,43923,-990,-990,7189,0.16048666,7189,0.16048666,-990,-990,-990,-990,-990,-990,-990,-990,-990
5,Latin America,Uruguay,598,2004,10,Department,Lavalleja,8,Nacional,27,Jorge Larrañaga,-990,43923,43923,-990,-990,22122,0.493849754,22122,0.493849754,-990,-990,-990,-990,-990,-990,-990,-990,-990
5,Latin America,Uruguay,598,2004,10,Department,Lavalleja,8,FrenteAmplio,13,Tabaré Vázquez,-990,43923,43923,-990,-990,14612,0.326197128,14612,0.326197128,-990,-990,-990,-990,-990,-990,-990,-990,-990
5,Latin America,Uruguay,598,2004,10,Department,Maldonado,9,Colorado,7,Guillermo Stirling,-990,92441,92441,-990,-990,9278,0.097035999,9278,0.097035999,-990,-990,-990,-990,-990,-990,-990,-990,-990
5,Latin America,Uruguay,598,2004,10,Department,Maldonado,9,Nacional,27,Jorge Larrañaga,-990,92441,92441,-990,-990,36218,0.378793907,36218,0.378793907,-990,-990,-990,-990,-990,-990,-990,-990,-990
5,Latin America,Uruguay,598,2004,10,Department,Maldonado,9,FrenteAmplio,13,Tabaré Vázquez,-990,92441,92441,-990,-990,46945,0.490984573,46945,0.490984573,-990,-990,-990,-990,-990,-990,-990,-990,-990
5,Latin America,Uruguay,598,2004,10,Department,Montevideo,10,Colorado,7,Guillermo Stirling,-990,868625,868625,-990,-990,76099,0.084263926,76099,0.084263926,-990,-990,-990,-990,-990,-990,-990,-990,-990
5,Latin America,Uruguay,598,2004,10,Department,Montevideo,10,Nacional,27,Jorge Larrañaga,-990,868625,868625,-990,-990,226552,0.250859528,226552,0.250859528,-990,-990,-990,-990,-990,-990,-990,-990,-990
5,Latin America,Uruguay,598,2004,10,Department,Montevideo,10,FrenteAmplio,13,Tabaré Vázquez,-990,868625,868625,-990,-990,565974,0.626699295,565974,0.626699295,-990,-990,-990,-990,-990,-990,-990,-990,-990
5,Latin America,Uruguay,598,2004,10,Department,Paysandú,11,Colorado,7,Guillermo Stirling,-990,75130,75130,-990,-990,4720,0.062395072,4720,0.062395072,-990,-990,-990,-990,-990,-990,-990,-990,-990
5,Latin America,Uruguay,598,2004,10,Department,Paysandú,11,Nacional,27,Jorge Larrañaga,-990,75130,75130,-990,-990,35357,0.4673946,35357,0.4673946,-990,-990,-990,-990,-990,-990,-990,-990,-990
5,Latin America,Uruguay,598,2004,10,Department,Paysandú,11,FrenteAmplio,13,Tabaré Vázquez,-990,75130,75130,-990,-990,35053,0.463375931,35053,0.463375931,-990,-990,-990,-990,-990,-990,-990,-990,-990
5,Latin America,Uruguay,598,2004,10,Department,Río Negro,12,Colorado,7,Guillermo Stirling,-990,34724,34724,-990,-990,4926,0.140481958,4926,0.140481958,-990,-990,-990,-990,-990,-990,-990,-990,-990
5,Latin America,Uruguay,598,2004,10,Department,Río Negro,12,Nacional,27,Jorge Larrañaga,-990,34724,34724,-990,-990,15558,0.4436903,15558,0.4436903,-990,-990,-990,-990,-990,-990,-990,-990,-990
5,Latin America,Uruguay,598,2004,10,Department,Río Negro,12,FrenteAmplio,13,Tabaré Vázquez,-990,34724,34724,-990,-990,14240,0.406102943,14240,0.406102943,-990,-990,-990,-990,-990,-990,-990,-990,-990
5,Latin America,Uruguay,598,2004,10,Department,Rivera,13,Colorado,7,Guillermo Stirling,-990,68725,68725,-990,-990,15419,0.222589531,15419,0.222589531,-990,-990,-990,-990,-990,-990,-990,-990,-990
5,Latin America,Uruguay,598,2004,10,Department,Rivera,13,Nacional,27,Jorge Larrañaga,-990,68725,68725,-990,-990,32006,0.462040405,32006,0.462040405,-990,-990,-990,-990,-990,-990,-990,-990,-990
5,Latin America,Uruguay,598,2004,10,Department,Rivera,13,FrenteAmplio,13,Tabaré Vázquez,-990,68725,68725,-990,-990,21300,0.307487984,21300,0.307487984,-990,-990,-990,-990,-990,-990,-990,-990,-990
5,Latin America,Uruguay,598,2004,10,Department,Rocha,14,Colorado,7,Guillermo Stirling,-990,49609,49609,-990,-990,6534,0.129637709,6534,0.129637709,-990,-990,-990,-990,-990,-990,-990,-990,-990
5,Latin America,Uruguay,598,2004,10,Department,Rocha,14,Nacional,27,Jorge Larrañaga,-990,49609,49609,-990,-990,20196,0.400698395,20196,0.400698395,-990,-990,-990,-990,-990,-990,-990,-990,-990
5,Latin America,Uruguay,598,2004,10,Department,Rocha,14,FrenteAmplio,13,Tabaré Vázquez,-990,49609,49609,-990,-990,22879,0.453930397,22879,0.453930397,-990,-990,-990,-990,-990,-990,-990,-990,-990
5,Latin America,Uruguay,598,2004,10,Department,Salto,15,Colorado,7,Guillermo Stirling,-990,78792,78792,-990,-990,11610,0.146065292,11610,0.146065292,-990,-990,-990,-990,-990,-990,-990,-990,-990
5,Latin America,Uruguay,598,2004,10,Department,Salto,15,Nacional,27,Jorge Larrañaga,-990,78792,78792,-990,-990,31823,0.400364838,31823,0.400364838,-990,-990,-990,-990,-990,-990,-990,-990,-990
5,Latin America,Uruguay,598,2004,10,Department,Salto,15,FrenteAmplio,13,Tabaré Vázquez,-990,78792,78792,-990,-990,35359,0.444851227,35359,0.444851227,-990,-990,-990,-990,-990,-990,-990,-990,-990
5,Latin America,Uruguay,598,2004,10,Department,San José,16,Colorado,7,Guillermo Stirling,-990,65623,65623,-990,-990,6683,0.100133352,6683,0.100133352,-990,-990,-990,-990,-990,-990,-990,-990,-990
5,Latin America,Uruguay,598,2004,10,Department,San José,16,Nacional,27,Jorge Larrañaga,-990,65623,65623,-990,-990,29663,0.444449425,29663,0.444449425,-990,-990,-990,-990,-990,-990,-990,-990,-990
5,Latin America,Uruguay,598,2004,10,Department,San José,16,FrenteAmplio,13,Tabaré Vázquez,-990,65623,65623,-990,-990,29277,0.438665886,29277,0.438665886,-990,-990,-990,-990,-990,-990,-990,-990,-990
5,Latin America,Uruguay,598,2004,10,Department,Soriano,17,Colorado,7,Guillermo Stirling,-990,58964,58964,-990,-990,7015,0.117709246,7015,0.117709246,-990,-990,-990,-990,-990,-990,-990,-990,-990
5,Latin America,Uruguay,598,2004,10,Department,Soriano,17,Nacional,27,Jorge Larrañaga,-990,58964,58964,-990,-990,25617,0.429844284,25617,0.429844284,-990,-990,-990,-990,-990,-990,-990,-990,-990
5,Latin America,Uruguay,598,2004,10,Department,Soriano,17,FrenteAmplio,13,Tabaré Vázquez,-990,58964,58964,-990,-990,26332,0.441841736,26332,0.441841736,-990,-990,-990,-990,-990,-990,-990,-990,-990
5,Latin America,Uruguay,598,2004,10,Department,Tacuarembó,18,Colorado,7,Guillermo Stirling,-990,63059,63059,-990,-990,7887,0.123832254,7887,0.123832254,-990,-990,-990,-990,-990,-990,-990,-990,-990
5,Latin America,Uruguay,598,2004,10,Department,Tacuarembó,18,Nacional,27,Jorge Larrañaga,-990,63059,63059,-990,-990,33931,0.532744026,33931,0.532744026,-990,-990,-990,-990,-990,-990,-990,-990,-990
5,Latin America,Uruguay,598,2004,10,Department,Tacuarembó,18,FrenteAmplio,13,Tabaré Vázquez,-990,63059,63059,-990,-990,21241,0.333500824,21241,0.333500824,-990,-990,-990,-990,-990,-990,-990,-990,-990
5,Latin America,Uruguay,598,2004,10,Department,Treinta y Tres,19,Colorado,7,Guillermo Stirling,-990,33340,33340,-990,-990,3907,0.115660152,3907,0.115660152,-990,-990,-990,-990,-990,-990,-990,-990,-990
5,Latin America,Uruguay,598,2004,10,Department,Treinta y Tres,19,Nacional,27,Jorge Larrañaga,-990,33340,33340,-990,-990,16386,0.485079918,16386,0.485079918,-990,-990,-990,-990,-990,-990,-990,-990,-990
5,Latin America,Uruguay,598,2004,10,Department,Treinta y Tres,19,FrenteAmplio,13,Tabaré Vázquez,-990,33340,33340,-990,-990,13047,0.386234474,13047,0.386234474,-990,-990,-990,-990,-990,-990,-990,-990,-990
5,Latin America,Uruguay,598,2009,10,Department,Artigas,1,FrenteAmplio,13,José Mujica,-990,-990,-990,-990,-990,-990,0.378444939,-990,0.378444939,-990,-990,-990,-990,-990,-990,-990,-990,-990
5,Latin America,Uruguay,598,2009,10,Department,Artigas,1,Nacional,27,Luis Alberto Lacalle,-990,-990,-990,-990,-990,-990,0.419530106,-990,0.419530106,-990,-990,-990,-990,-990,-990,-990,-990,-990
5,Latin America,Uruguay,598,2009,10,Department,Artigas,1,Colorado,7,Pedro Bordaberry,-990,-990,-990,-990,-990,-990,0.191567955,-990,0.191567955,-990,-990,-990,-990,-990,-990,-990,-990,-990
5,Latin America,Uruguay,598,2009,10,Department,Canelones,2,FrenteAmplio,13,José Mujica,-990,-990,-990,-990,-990,-990,0.528512688,-990,0.528512688,-990,-990,-990,-990,-990,-990,-990,-990,-990
5,Latin America,Uruguay,598,2009,10,Department,Canelones,2,Nacional,27,Luis Alberto Lacalle,-990,-990,-990,-990,-990,-990,0.290714569,-990,0.290714569,-990,-990,-990,-990,-990,-990,-990,-990,-990
5,Latin America,Uruguay,598,2009,10,Department,Canelones,2,Colorado,7,Pedro Bordaberry,-990,-990,-990,-990,-990,-990,0.148136845,-990,0.148136845,-990,-990,-990,-990,-990,-990,-990,-990,-990
5,Latin America,Uruguay,598,2009,10,Department,Cerro Largo,3,FrenteAmplio,13,José Mujica,-990,-990,-990,-990,-990,-990,0.411090622,-990,0.411090622,-990,-990,-990,-990,-990,-990,-990,-990,-990
5,Latin America,Uruguay,598,2009,10,Department,Cerro Largo,3,Nacional,27,Luis Alberto Lacalle,-990,-990,-990,-990,-990,-990,0.436446266,-990,0.436446266,-990,-990,-990,-990,-990,-990,-990,-990,-990
5,Latin America,Uruguay,598,2009,10,Department,Cerro Largo,3,Colorado,7,Pedro Bordaberry,-990,-990,-990,-990,-990,-990,0.139768839,-990,0.139768839,-990,-990,-990,-990,-990,-990,-990,-990,-990
5,Latin America,Uruguay,598,2009,10,Department,Colonia,4,FrenteAmplio,13,José Mujica,-990,-990,-990,-990,-990,-990,0.394479141,-990,0.394479141,-990,-990,-990,-990,-990,-990,-990,-990,-990
5,Latin America,Uruguay,598,2009,10,Department,Colonia,4,Nacional,27,Luis Alberto Lacalle,-990,-990,-990,-990,-990,-990,0.364934196,-990,0.364934196,-990,-990,-990,-990,-990,-990,-990,-990,-990
5,Latin America,Uruguay,598,2009,10,Department,Colonia,4,Colorado,7,Pedro Bordaberry,-990,-990,-990,-990,-990,-990,0.214376526,-990,0.214376526,-990,-990,-990,-990,-990,-990,-990,-990,-990
5,Latin America,Uruguay,598,2009,10,Department,Durazno,5,FrenteAmplio,13,José Mujica,-990,-990,-990,-990,-990,-990,0.356551971,-990,0.356551971,-990,-990,-990,-990,-990,-990,-990,-990,-990
5,Latin America,Uruguay,598,2009,10,Department,Durazno,5,Nacional,27,Luis Alberto Lacalle,-990,-990,-990,-990,-990,-990,0.427262917,-990,0.427262917,-990,-990,-990,-990,-990,-990,-990,-990,-990
5,Latin America,Uruguay,598,2009,10,Department,Durazno,5,Colorado,7,Pedro Bordaberry,-990,-990,-990,-990,-990,-990,0.19227911,-990,0.19227911,-990,-990,-990,-990,-990,-990,-990,-990,-990
5,Latin America,Uruguay,598,2009,10,Department,Flores,6,FrenteAmplio,13,José Mujica,-990,-990,-990,-990,-990,-990,0.316168518,-990,0.316168518,-990,-990,-990,-990,-990,-990,-990,-990,-990
5,Latin America,Uruguay,598,2009,10,Department,Flores,6,Nacional,27,Luis Alberto Lacalle,-990,-990,-990,-990,-990,-990,0.45346981,-990,0.45346981,-990,-990,-990,-990,-990,-990,-990,-990,-990
5,Latin America,Uruguay,598,2009,10,Department,Flores,6,Colorado,7,Pedro Bordaberry,-990,-990,-990,-990,-990,-990,0.214105663,-990,0.214105663,-990,-990,-990,-990,-990,-990,-990,-990,-990
5,Latin America,Uruguay,598,2009,10,Department,Florida,7,FrenteAmplio,13,José Mujica,-990,-990,-990,-990,-990,-990,0.393528214,-990,0.393528214,-990,-990,-990,-990,-990,-990,-990,-990,-990
5,Latin America,Uruguay,598,2009,10,Department,Florida,7,Nacional,27,Luis Alberto Lacalle,-990,-990,-990,-990,-990,-990,0.370693588,-990,0.370693588,-990,-990,-990,-990,-990,-990,-990,-990,-990
5,Latin America,Uruguay,598,2009,10,Department,Florida,7,Colorado,7,Pedro Bordaberry,-990,-990,-990,-990,-990,-990,0.208400574,-990,0.208400574,-990,-990,-990,-990,-990,-990,-990,-990,-990
5,Latin America,Uruguay,598,2009,10,Department,Lavalleja,8,FrenteAmplio,13,José Mujica,-990,-990,-990,-990,-990,-990,0.316106949,-990,0.316106949,-990,-990,-990,-990,-990,-990,-990,-990,-990
5,Latin America,Uruguay,598,2009,10,Department,Lavalleja,8,Nacional,27,Luis Alberto Lacalle,-990,-990,-990,-990,-990,-990,0.428217316,-990,0.428217316,-990,-990,-990,-990,-990,-990,-990,-990,-990
5,Latin America,Uruguay,598,2009,10,Department,Lavalleja,8,Colorado,7,Pedro Bordaberry,-990,-990,-990,-990,-990,-990,0.230055504,-990,0.230055504,-990,-990,-990,-990,-990,-990,-990,-990,-990
5,Latin America,Uruguay,598,2009,10,Department,Maldonado,9,FrenteAmplio,13,José Mujica,-990,-990,-990,-990,-990,-990,0.421827545,-990,0.421827545,-990,-990,-990,-990,-990,-990,-990,-990,-990
5,Latin America,Uruguay,598,2009,10,Department,Maldonado,9,Nacional,27,Luis Alberto Lacalle,-990,-990,-990,-990,-990,-990,0.325586891,-990,0.325586891,-990,-990,-990,-990,-990,-990,-990,-990,-990
5,Latin America,Uruguay,598,2009,10,Department,Maldonado,9,Colorado,7,Pedro Bordaberry,-990,-990,-990,-990,-990,-990,0.219817753,-990,0.219817753,-990,-990,-990,-990,-990,-990,-990,-990,-990
5,Latin America,Uruguay,598,2009,10,Department,Montevideo,10,FrenteAmplio,13,José Mujica,-990,-990,-990,-990,-990,-990,0.577451515,-990,0.577451515,-990,-990,-990,-990,-990,-990,-990,-990,-990
5,Latin America,Uruguay,598,2009,10,Department,Montevideo,10,Nacional,27,Luis Alberto Lacalle,-990,-990,-990,-990,-990,-990,0.223602753,-990,0.223602753,-990,-990,-990,-990,-990,-990,-990,-990,-990
5,Latin America,Uruguay,598,2009,10,Department,Montevideo,10,Colorado,7,Pedro Bordaberry,-990,-990,-990,-990,-990,-990,0.153691092,-990,0.153691092,-990,-990,-990,-990,-990,-990,-990,-990,-990
5,Latin America,Uruguay,598,2009,10,Department,Paysandú,11,FrenteAmplio,13,José Mujica,-990,-990,-990,-990,-990,-990,0.469503098,-990,0.469503098,-990,-990,-990,-990,-990,-990,-990,-990,-990
5,Latin America,Uruguay,598,2009,10,Department,Paysandú,11,Nacional,27,Luis Alberto Lacalle,-990,-990,-990,-990,-990,-990,0.360476913,-990,0.360476913,-990,-990,-990,-990,-990,-990,-990,-990,-990
5,Latin America,Uruguay,598,2009,10,Department,Paysandú,11,Colorado,7,Pedro Bordaberry,-990,-990,-990,-990,-990,-990,0.147948713,-990,0.147948713,-990,-990,-990,-990,-990,-990,-990,-990,-990
5,Latin America,Uruguay,598,2009,10,Department,Río Negro,12,FrenteAmplio,13,José Mujica,-990,-990,-990,-990,-990,-990,0.415693207,-990,0.415693207,-990,-990,-990,-990,-990,-990,-990,-990,-990
5,Latin America,Uruguay,598,2009,10,Department,Río Negro,12,Nacional,27,Luis Alberto Lacalle,-990,-990,-990,-990,-990,-990,0.311608791,-990,0.311608791,-990,-990,-990,-990,-990,-990,-990,-990,-990
5,Latin America,Uruguay,598,2009,10,Department,Río Negro,12,Colorado,7,Pedro Bordaberry,-990,-990,-990,-990,-990,-990,0.253685646,-990,0.253685646,-990,-990,-990,-990,-990,-990,-990,-990,-990
5,Latin America,Uruguay,598,2009,10,Department,Rivera,13,FrenteAmplio,13,José Mujica,-990,-990,-990,-990,-990,-990,0.347730446,-990,0.347730446,-990,-990,-990,-990,-990,-990,-990,-990,-990
5,Latin America,Uruguay,598,2009,10,Department,Rivera,13,Nacional,27,Luis Alberto Lacalle,-990,-990,-990,-990,-990,-990,0.361681976,-990,0.361681976,-990,-990,-990,-990,-990,-990,-990,-990,-990
5,Latin America,Uruguay,598,2009,10,Department,Rivera,13,Colorado,7,Pedro Bordaberry,-990,-990,-990,-990,-990,-990,0.278501816,-990,0.278501816,-990,-990,-990,-990,-990,-990,-990,-990,-990
5,Latin America,Uruguay,598,2009,10,Department,Rocha,14,FrenteAmplio,13,José Mujica,-990,-990,-990,-990,-990,-990,0.428283806,-990,0.428283806,-990,-990,-990,-990,-990,-990,-990,-990,-990
5,Latin America,Uruguay,598,2009,10,Department,Rocha,14,Nacional,27,Luis Alberto Lacalle,-990,-990,-990,-990,-990,-990,0.34976284,-990,0.34976284,-990,-990,-990,-990,-990,-990,-990,-990,-990
5,Latin America,Uruguay,598,2009,10,Department,Rocha,14,Colorado,7,Pedro Bordaberry,-990,-990,-990,-990,-990,-990,0.19949667,-990,0.19949667,-990,-990,-990,-990,-990,-990,-990,-990,-990
5,Latin America,Uruguay,598,2009,10,Department,Salto,15,FrenteAmplio,13,José Mujica,-990,-990,-990,-990,-990,-990,0.474676476,-990,0.474676476,-990,-990,-990,-990,-990,-990,-990,-990,-990
5,Latin America,Uruguay,598,2009,10,Department,Salto,15,Nacional,27,Luis Alberto Lacalle,-990,-990,-990,-990,-990,-990,0.277145901,-990,0.277145901,-990,-990,-990,-990,-990,-990,-990,-990,-990
5,Latin America,Uruguay,598,2009,10,Department,Salto,15,Colorado,7,Pedro Bordaberry,-990,-990,-990,-990,-990,-990,0.230855999,-990,0.230855999,-990,-990,-990,-990,-990,-990,-990,-990,-990
5,Latin America,Uruguay,598,2009,10,Department,San José,16,FrenteAmplio,13,José Mujica,-990,-990,-990,-990,-990,-990,0.441238441,-990,0.441238441,-990,-990,-990,-990,-990,-990,-990,-990,-990
5,Latin America,Uruguay,598,2009,10,Department,San José,16,Nacional,27,Luis Alberto Lacalle,-990,-990,-990,-990,-990,-990,0.362717705,-990,0.362717705,-990,-990,-990,-990,-990,-990,-990,-990,-990
5,Latin America,Uruguay,598,2009,10,Department,San José,16,Colorado,7,Pedro Bordaberry,-990,-990,-990,-990,-990,-990,0.169999275,-990,0.169999275,-990,-990,-990,-990,-990,-990,-990,-990,-990
5,Latin America,Uruguay,598,2009,10,Department,Soriano,17,FrenteAmplio,13,José Mujica,-990,-990,-990,-990,-990,-990,0.449605713,-990,0.449605713,-990,-990,-990,-990,-990,-990,-990,-990,-990
5,Latin America,Uruguay,598,2009,10,Department,Soriano,17,Nacional,27,Luis Alberto Lacalle,-990,-990,-990,-990,-990,-990,0.311163979,-990,0.311163979,-990,-990,-990,-990,-990,-990,-990,-990,-990
5,Latin America,Uruguay,598,2009,10,Department,Soriano,17,Colorado,7,Pedro Bordaberry,-990,-990,-990,-990,-990,-990,0.220444469,-990,0.220444469,-990,-990,-990,-990,-990,-990,-990,-990,-990
5,Latin America,Uruguay,598,2009,10,Department,Tacuarembó,18,FrenteAmplio,13,José Mujica,-990,-990,-990,-990,-990,-990,0.381739502,-990,0.381739502,-990,-990,-990,-990,-990,-990,-990,-990,-990
5,Latin America,Uruguay,598,2009,10,Department,Tacuarembó,18,Nacional,27,Luis Alberto Lacalle,-990,-990,-990,-990,-990,-990,0.431402397,-990,0.431402397,-990,-990,-990,-990,-990,-990,-990,-990,-990
5,Latin America,Uruguay,598,2009,10,Department,Tacuarembó,18,Colorado,7,Pedro Bordaberry,-990,-990,-990,-990,-990,-990,0.169680424,-990,0.169680424,-990,-990,-990,-990,-990,-990,-990,-990,-990
5,Latin America,Uruguay,598,2009,10,Department,Treinta y Tres,19,FrenteAmplio,13,José Mujica,-990,-990,-990,-990,-990,-990,0.391385155,-990,0.391385155,-990,-990,-990,-990,-990,-990,-990,-990,-990
5,Latin America,Uruguay,598,2009,10,Department,Treinta y Tres,19,Nacional,27,Luis Alberto Lacalle,-990,-990,-990,-990,-990,-990,0.444028397,-990,0.444028397,-990,-990,-990,-990,-990,-990,-990,-990,-990
5,Latin America,Uruguay,598,2009,10,Department,Treinta y Tres,19,Colorado,7,Pedro Bordaberry,-990,-990,-990,-990,-990,-990,0.148471737,-990,0.148471737,-990,-990,-990,-990,-990,-990,-990,-990,-990
