"","rg","ctr_n","ctr","yr","mn","unit_type","unit_name","unit_n","pty_n","pty","can","pev1","vot1","vv1","ivv1","to1","cv1","cvs1","pv1","pvs1","pev2","vot2","vv2","ivv2","to2","cv2","cvs2","pv2","pvs2"
"1","Latin America","Brazil",55,1989,11,"State","Acre",1,"PSDB",58,"Mário Covas",-990,-990,-990,-990,-990,-990,0.0290289831161499,-990,0.0290289831161499,-990,-990,-990,-990,-990,-990,-990,-990,-990
"2","Latin America","Brazil",55,1989,11,"State","Acre",1,"PT",67,"Luiz Inácio Lula da Silva",-990,-990,-990,-990,-990,-990,0.179314117431641,-990,0.179314117431641,-990,-990,-990,-990,-990,-990,-990,-990,-990
"3","Latin America","Brazil",55,1989,11,"State","Alagoas",2,"PSDB",58,"Mário Covas",-990,-990,-990,-990,-990,-990,0.0780526304244995,-990,0.0780526304244995,-990,-990,-990,-990,-990,-990,-990,-990,-990
"4","Latin America","Brazil",55,1989,11,"State","Alagoas",2,"PT",67,"Luiz Inácio Lula da Silva",-990,-990,-990,-990,-990,-990,0.0884848022460937,-990,0.0884848022460937,-990,-990,-990,-990,-990,-990,-990,-990,-990
"5","Latin America","Brazil",55,1989,11,"State","Amapá",3,"PSDB",58,"Mário Covas",-990,-990,-990,-990,-990,-990,0.0610536861419678,-990,0.0610536861419678,-990,-990,-990,-990,-990,-990,-990,-990,-990
"6","Latin America","Brazil",55,1989,11,"State","Amapá",3,"PT",67,"Luiz Inácio Lula da Silva",-990,-990,-990,-990,-990,-990,0.210459003448486,-990,0.210459003448486,-990,-990,-990,-990,-990,-990,-990,-990,-990
"7","Latin America","Brazil",55,1989,11,"State","Amazonas",4,"PSDB",58,"Mário Covas",-990,-990,-990,-990,-990,-990,0.0423393774032593,-990,0.0423393774032593,-990,-990,-990,-990,-990,-990,-990,-990,-990
"8","Latin America","Brazil",55,1989,11,"State","Amazonas",4,"PT",67,"Luiz Inácio Lula da Silva",-990,-990,-990,-990,-990,-990,0.240927677154541,-990,0.240927677154541,-990,-990,-990,-990,-990,-990,-990,-990,-990
"9","Latin America","Brazil",55,1989,11,"State","Bahia",5,"PSDB",58,"Mário Covas",-990,-990,-990,-990,-990,-990,0.0617104959487915,-990,0.0617104959487915,-990,-990,-990,-990,-990,-990,-990,-990,-990
"10","Latin America","Brazil",55,1989,11,"State","Bahia",5,"PT",67,"Luiz Inácio Lula da Silva",-990,-990,-990,-990,-990,-990,0.260159873962402,-990,0.260159873962402,-990,-990,-990,-990,-990,-990,-990,-990,-990
"11","Latin America","Brazil",55,1989,11,"State","Ceará",6,"PSDB",58,"Mário Covas",-990,-990,-990,-990,-990,-990,0.183440589904785,-990,0.183440589904785,-990,-990,-990,-990,-990,-990,-990,-990,-990
"12","Latin America","Brazil",55,1989,11,"State","Ceará",6,"PT",67,"Luiz Inácio Lula da Silva",-990,-990,-990,-990,-990,-990,0.123575630187988,-990,0.123575630187988,-990,-990,-990,-990,-990,-990,-990,-990,-990
"13","Latin America","Brazil",55,1989,11,"State","Distrito Federal",7,"PSDB",58,"Mário Covas",-990,-990,-990,-990,-990,-990,0.178052082061768,-990,0.178052082061768,-990,-990,-990,-990,-990,-990,-990,-990,-990
"14","Latin America","Brazil",55,1989,11,"State","Distrito Federal",7,"PT",67,"Luiz Inácio Lula da Silva",-990,-990,-990,-990,-990,-990,0.290619888305664,-990,0.290619888305664,-990,-990,-990,-990,-990,-990,-990,-990,-990
"15","Latin America","Brazil",55,1989,11,"State","Espírito Santo",8,"PSDB",58,"Mário Covas",-990,-990,-990,-990,-990,-990,0.0997389221191406,-990,0.0997389221191406,-990,-990,-990,-990,-990,-990,-990,-990,-990
"16","Latin America","Brazil",55,1989,11,"State","Espírito Santo",8,"PT",67,"Luiz Inácio Lula da Silva",-990,-990,-990,-990,-990,-990,0.223884525299072,-990,0.223884525299072,-990,-990,-990,-990,-990,-990,-990,-990,-990
"17","Latin America","Brazil",55,1989,11,"State","Goiás",9,"PSDB",58,"Mário Covas",-990,-990,-990,-990,-990,-990,0.0573683929443359,-990,0.0573683929443359,-990,-990,-990,-990,-990,-990,-990,-990,-990
"18","Latin America","Brazil",55,1989,11,"State","Goiás",9,"PT",67,"Luiz Inácio Lula da Silva",-990,-990,-990,-990,-990,-990,0.168555603027344,-990,0.168555603027344,-990,-990,-990,-990,-990,-990,-990,-990,-990
"19","Latin America","Brazil",55,1989,11,"State","Maranhão",10,"PSDB",58,"Mário Covas",-990,-990,-990,-990,-990,-990,0.033983907699585,-990,0.033983907699585,-990,-990,-990,-990,-990,-990,-990,-990,-990
"20","Latin America","Brazil",55,1989,11,"State","Maranhão",10,"PT",67,"Luiz Inácio Lula da Silva",-990,-990,-990,-990,-990,-990,0.196716289520264,-990,0.196716289520264,-990,-990,-990,-990,-990,-990,-990,-990,-990
"21","Latin America","Brazil",55,1989,11,"State","Mato Grosso",11,"PSDB",58,"Mário Covas",-990,-990,-990,-990,-990,-990,0.103023481369019,-990,0.103023481369019,-990,-990,-990,-990,-990,-990,-990,-990,-990
"22","Latin America","Brazil",55,1989,11,"State","Mato Grosso",11,"PT",67,"Luiz Inácio Lula da Silva",-990,-990,-990,-990,-990,-990,0.231138439178467,-990,0.231138439178467,-990,-990,-990,-990,-990,-990,-990,-990,-990
"23","Latin America","Brazil",55,1989,11,"State","Mato Grosso do Sul",12,"PSDB",58,"Mário Covas",-990,-990,-990,-990,-990,-990,0.0615304517745972,-990,0.0615304517745972,-990,-990,-990,-990,-990,-990,-990,-990,-990
"24","Latin America","Brazil",55,1989,11,"State","Mato Grosso do Sul",12,"PT",67,"Luiz Inácio Lula da Silva",-990,-990,-990,-990,-990,-990,0.0898565292358398,-990,0.0898565292358398,-990,-990,-990,-990,-990,-990,-990,-990,-990
"25","Latin America","Brazil",55,1989,11,"State","Minas Gerais",13,"PSDB",58,"Mário Covas",-990,-990,-990,-990,-990,-990,0.045215630531311,-990,0.045215630531311,-990,-990,-990,-990,-990,-990,-990,-990,-990
"26","Latin America","Brazil",55,1989,11,"State","Minas Gerais",13,"PT",67,"Luiz Inácio Lula da Silva",-990,-990,-990,-990,-990,-990,0.103610143661499,-990,0.103610143661499,-990,-990,-990,-990,-990,-990,-990,-990,-990
"27","Latin America","Brazil",55,1989,11,"State","Pará",14,"PSDB",58,"Mário Covas",-990,-990,-990,-990,-990,-990,0.0664002323150635,-990,0.0664002323150635,-990,-990,-990,-990,-990,-990,-990,-990,-990
"28","Latin America","Brazil",55,1989,11,"State","Pará",14,"PT",67,"Luiz Inácio Lula da Silva",-990,-990,-990,-990,-990,-990,0.193388824462891,-990,0.193388824462891,-990,-990,-990,-990,-990,-990,-990,-990,-990
"29","Latin America","Brazil",55,1989,11,"State","Paraíba",15,"PSDB",58,"Mário Covas",-990,-990,-990,-990,-990,-990,0.0730227518081665,-990,0.0730227518081665,-990,-990,-990,-990,-990,-990,-990,-990,-990
"30","Latin America","Brazil",55,1989,11,"State","Paraíba",15,"PT",67,"Luiz Inácio Lula da Silva",-990,-990,-990,-990,-990,-990,0.241731452941895,-990,0.241731452941895,-990,-990,-990,-990,-990,-990,-990,-990,-990
"31","Latin America","Brazil",55,1989,11,"State","Paraná",16,"PSDB",58,"Mário Covas",-990,-990,-990,-990,-990,-990,0.0357523465156555,-990,0.0357523465156555,-990,-990,-990,-990,-990,-990,-990,-990,-990
"32","Latin America","Brazil",55,1989,11,"State","Paraná",16,"PT",67,"Luiz Inácio Lula da Silva",-990,-990,-990,-990,-990,-990,0.336157417297363,-990,0.336157417297363,-990,-990,-990,-990,-990,-990,-990,-990,-990
"33","Latin America","Brazil",55,1989,11,"State","Pernambuco",17,"PSDB",58,"Mário Covas",-990,-990,-990,-990,-990,-990,0.050527834892273,-990,0.050527834892273,-990,-990,-990,-990,-990,-990,-990,-990,-990
"34","Latin America","Brazil",55,1989,11,"State","Pernambuco",17,"PT",67,"Luiz Inácio Lula da Silva",-990,-990,-990,-990,-990,-990,0.22734676361084,-990,0.22734676361084,-990,-990,-990,-990,-990,-990,-990,-990,-990
"35","Latin America","Brazil",55,1989,11,"State","Piauí",18,"PSDB",58,"Mário Covas",-990,-990,-990,-990,-990,-990,0.0761362981796265,-990,0.0761362981796265,-990,-990,-990,-990,-990,-990,-990,-990,-990
"36","Latin America","Brazil",55,1989,11,"State","Piauí",18,"PT",67,"Luiz Inácio Lula da Silva",-990,-990,-990,-990,-990,-990,0.0827422142028809,-990,0.0827422142028809,-990,-990,-990,-990,-990,-990,-990,-990,-990
"37","Latin America","Brazil",55,1989,11,"State","Rio de Janeiro",19,"PSDB",58,"Mário Covas",-990,-990,-990,-990,-990,-990,0.0869804382324219,-990,0.0869804382324219,-990,-990,-990,-990,-990,-990,-990,-990,-990
"38","Latin America","Brazil",55,1989,11,"State","Rio de Janeiro",19,"PT",67,"Luiz Inácio Lula da Silva",-990,-990,-990,-990,-990,-990,0.122167482376099,-990,0.122167482376099,-990,-990,-990,-990,-990,-990,-990,-990,-990
"39","Latin America","Brazil",55,1989,11,"State","Rio Grande do Norte",20,"PSDB",58,"Mário Covas",-990,-990,-990,-990,-990,-990,0.0579570484161377,-990,0.0579570484161377,-990,-990,-990,-990,-990,-990,-990,-990,-990
"40","Latin America","Brazil",55,1989,11,"State","Rio Grande do Norte",20,"PT",67,"Luiz Inácio Lula da Silva",-990,-990,-990,-990,-990,-990,0.244016227722168,-990,0.244016227722168,-990,-990,-990,-990,-990,-990,-990,-990,-990
"41","Latin America","Brazil",55,1989,11,"State","Rio Grande do Sul",21,"PSDB",58,"Mário Covas",-990,-990,-990,-990,-990,-990,0.035471408367157,-990,0.035471408367157,-990,-990,-990,-990,-990,-990,-990,-990,-990
"42","Latin America","Brazil",55,1989,11,"State","Rio Grande do Sul",21,"PT",67,"Luiz Inácio Lula da Silva",-990,-990,-990,-990,-990,-990,0.195307369232178,-990,0.195307369232178,-990,-990,-990,-990,-990,-990,-990,-990,-990
"43","Latin America","Brazil",55,1989,11,"State","Rondônia",22,"PSDB",58,"Mário Covas",-990,-990,-990,-990,-990,-990,0.0547242403030396,-990,0.0547242403030396,-990,-990,-990,-990,-990,-990,-990,-990,-990
"44","Latin America","Brazil",55,1989,11,"State","Rondônia",22,"PT",67,"Luiz Inácio Lula da Silva",-990,-990,-990,-990,-990,-990,0.100693349838257,-990,0.100693349838257,-990,-990,-990,-990,-990,-990,-990,-990,-990
"45","Latin America","Brazil",55,1989,11,"State","Roraima",23,"PSDB",58,"Mário Covas",-990,-990,-990,-990,-990,-990,0.0478922510147095,-990,0.0478922510147095,-990,-990,-990,-990,-990,-990,-990,-990,-990
"46","Latin America","Brazil",55,1989,11,"State","Roraima",23,"PT",67,"Luiz Inácio Lula da Silva",-990,-990,-990,-990,-990,-990,0.0672266721725464,-990,0.0672266721725464,-990,-990,-990,-990,-990,-990,-990,-990,-990
"47","Latin America","Brazil",55,1989,11,"State","Santa Catarina",24,"PSDB",58,"Mário Covas",-990,-990,-990,-990,-990,-990,0.0738180923461914,-990,0.0738180923461914,-990,-990,-990,-990,-990,-990,-990,-990,-990
"48","Latin America","Brazil",55,1989,11,"State","Santa Catarina",24,"PT",67,"Luiz Inácio Lula da Silva",-990,-990,-990,-990,-990,-990,0.105768747329712,-990,0.105768747329712,-990,-990,-990,-990,-990,-990,-990,-990,-990
"49","Latin America","Brazil",55,1989,11,"State","São Paulo",25,"PSDB",58,"Mário Covas",-990,-990,-990,-990,-990,-990,0.0665101814270019,-990,0.0665101814270019,-990,-990,-990,-990,-990,-990,-990,-990,-990
"50","Latin America","Brazil",55,1989,11,"State","São Paulo",25,"PT",67,"Luiz Inácio Lula da Silva",-990,-990,-990,-990,-990,-990,0.181858596801758,-990,0.181858596801758,-990,-990,-990,-990,-990,-990,-990,-990,-990
"51","Latin America","Brazil",55,1989,11,"State","Sergipe",26,"PSDB",58,"Mário Covas",-990,-990,-990,-990,-990,-990,0.227213726043701,-990,0.227213726043701,-990,-990,-990,-990,-990,-990,-990,-990,-990
"52","Latin America","Brazil",55,1989,11,"State","Sergipe",26,"PT",67,"Luiz Inácio Lula da Silva",-990,-990,-990,-990,-990,-990,0.174579029083252,-990,0.174579029083252,-990,-990,-990,-990,-990,-990,-990,-990,-990
"53","Latin America","Brazil",55,1989,11,"State","Tocantins",27,"PSDB",58,"Mário Covas",-990,-990,-990,-990,-990,-990,0.0336989617347717,-990,0.0336989617347717,-990,-990,-990,-990,-990,-990,-990,-990,-990
"54","Latin America","Brazil",55,1989,11,"State","Tocantins",27,"PT",67,"Luiz Inácio Lula da Silva",-990,-990,-990,-990,-990,-990,0.09649827003479,-990,0.09649827003479,-990,-990,-990,-990,-990,-990,-990,-990,-990
"55","Latin America","Brazil",55,1994,10,"State","Acre",1,"PSDB",58,"Fernando Henrique Cardoso",-990,-990,-990,-990,-990,-990,0.540084495544434,-990,0.540084495544434,-990,-990,-990,-990,-990,-990,-990,-990,-990
"56","Latin America","Brazil",55,1994,10,"State","Acre",1,"PT",67,"Luiz Inácio Lula da Silva",-990,-990,-990,-990,-990,-990,0.237624702453613,-990,0.237624702453613,-990,-990,-990,-990,-990,-990,-990,-990,-990
"57","Latin America","Brazil",55,1994,10,"State","Alagoas",2,"PSDB",58,"Fernando Henrique Cardoso",-990,-990,-990,-990,-990,-990,0.761843643188477,-990,0.761843643188477,-990,-990,-990,-990,-990,-990,-990,-990,-990
"58","Latin America","Brazil",55,1994,10,"State","Alagoas",2,"PT",67,"Luiz Inácio Lula da Silva",-990,-990,-990,-990,-990,-990,0.123234634399414,-990,0.123234634399414,-990,-990,-990,-990,-990,-990,-990,-990,-990
"59","Latin America","Brazil",55,1994,10,"State","Amapá",3,"PSDB",58,"Fernando Henrique Cardoso",-990,-990,-990,-990,-990,-990,0.604954147338867,-990,0.604954147338867,-990,-990,-990,-990,-990,-990,-990,-990,-990
"60","Latin America","Brazil",55,1994,10,"State","Amapá",3,"PT",67,"Luiz Inácio Lula da Silva",-990,-990,-990,-990,-990,-990,0.232603721618652,-990,0.232603721618652,-990,-990,-990,-990,-990,-990,-990,-990,-990
"61","Latin America","Brazil",55,1994,10,"State","Amazonas",4,"PSDB",58,"Fernando Henrique Cardoso",-990,-990,-990,-990,-990,-990,0.591070175170898,-990,0.591070175170898,-990,-990,-990,-990,-990,-990,-990,-990,-990
"62","Latin America","Brazil",55,1994,10,"State","Amazonas",4,"PT",67,"Luiz Inácio Lula da Silva",-990,-990,-990,-990,-990,-990,0.267872066497803,-990,0.267872066497803,-990,-990,-990,-990,-990,-990,-990,-990,-990
"63","Latin America","Brazil",55,1994,10,"State","Bahia",5,"PSDB",58,"Fernando Henrique Cardoso",-990,-990,-990,-990,-990,-990,0.523985366821289,-990,0.523985366821289,-990,-990,-990,-990,-990,-990,-990,-990,-990
"64","Latin America","Brazil",55,1994,10,"State","Bahia",5,"PT",67,"Luiz Inácio Lula da Silva",-990,-990,-990,-990,-990,-990,0.352603874206543,-990,0.352603874206543,-990,-990,-990,-990,-990,-990,-990,-990,-990
"65","Latin America","Brazil",55,1994,10,"State","Ceará",6,"PSDB",58,"Fernando Henrique Cardoso",-990,-990,-990,-990,-990,-990,0.611873092651367,-990,0.611873092651367,-990,-990,-990,-990,-990,-990,-990,-990,-990
"66","Latin America","Brazil",55,1994,10,"State","Ceará",6,"PT",67,"Luiz Inácio Lula da Silva",-990,-990,-990,-990,-990,-990,0.269884490966797,-990,0.269884490966797,-990,-990,-990,-990,-990,-990,-990,-990,-990
"67","Latin America","Brazil",55,1994,10,"State","Distrito Federal",7,"PSDB",58,"Fernando Henrique Cardoso",-990,-990,-990,-990,-990,-990,0.386899909973145,-990,0.386899909973145,-990,-990,-990,-990,-990,-990,-990,-990,-990
"68","Latin America","Brazil",55,1994,10,"State","Distrito Federal",7,"PT",67,"Luiz Inácio Lula da Silva",-990,-990,-990,-990,-990,-990,0.44759822845459,-990,0.44759822845459,-990,-990,-990,-990,-990,-990,-990,-990,-990
"69","Latin America","Brazil",55,1994,10,"State","Espírito Santo",8,"PSDB",58,"Fernando Henrique Cardoso",-990,-990,-990,-990,-990,-990,0.600390319824219,-990,0.600390319824219,-990,-990,-990,-990,-990,-990,-990,-990,-990
"70","Latin America","Brazil",55,1994,10,"State","Espírito Santo",8,"PT",67,"Luiz Inácio Lula da Silva",-990,-990,-990,-990,-990,-990,0.278629379272461,-990,0.278629379272461,-990,-990,-990,-990,-990,-990,-990,-990,-990
"71","Latin America","Brazil",55,1994,10,"State","Goiás",9,"PSDB",58,"Fernando Henrique Cardoso",-990,-990,-990,-990,-990,-990,0.67480583190918,-990,0.67480583190918,-990,-990,-990,-990,-990,-990,-990,-990,-990
"72","Latin America","Brazil",55,1994,10,"State","Goiás",9,"PT",67,"Luiz Inácio Lula da Silva",-990,-990,-990,-990,-990,-990,0.18599250793457,-990,0.18599250793457,-990,-990,-990,-990,-990,-990,-990,-990,-990
"73","Latin America","Brazil",55,1994,10,"State","Maranhão",10,"PSDB",58,"Fernando Henrique Cardoso",-990,-990,-990,-990,-990,-990,0.622157821655273,-990,0.622157821655273,-990,-990,-990,-990,-990,-990,-990,-990,-990
"74","Latin America","Brazil",55,1994,10,"State","Maranhão",10,"PT",67,"Luiz Inácio Lula da Silva",-990,-990,-990,-990,-990,-990,0.231349143981934,-990,0.231349143981934,-990,-990,-990,-990,-990,-990,-990,-990,-990
"75","Latin America","Brazil",55,1994,10,"State","Mato Grosso",11,"PSDB",58,"Fernando Henrique Cardoso",-990,-990,-990,-990,-990,-990,0.648218231201172,-990,0.648218231201172,-990,-990,-990,-990,-990,-990,-990,-990,-990
"76","Latin America","Brazil",55,1994,10,"State","Mato Grosso",11,"PT",67,"Luiz Inácio Lula da Silva",-990,-990,-990,-990,-990,-990,0.218998928070068,-990,0.218998928070068,-990,-990,-990,-990,-990,-990,-990,-990,-990
"77","Latin America","Brazil",55,1994,10,"State","Mato Grosso do Sul",12,"PSDB",58,"Fernando Henrique Cardoso",-990,-990,-990,-990,-990,-990,0.63592903137207,-990,0.63592903137207,-990,-990,-990,-990,-990,-990,-990,-990,-990
"78","Latin America","Brazil",55,1994,10,"State","Mato Grosso do Sul",12,"PT",67,"Luiz Inácio Lula da Silva",-990,-990,-990,-990,-990,-990,0.222465419769287,-990,0.222465419769287,-990,-990,-990,-990,-990,-990,-990,-990,-990
"79","Latin America","Brazil",55,1994,10,"State","Minas Gerais",13,"PSDB",58,"Fernando Henrique Cardoso",-990,-990,-990,-990,-990,-990,0.642918930053711,-990,0.642918930053711,-990,-990,-990,-990,-990,-990,-990,-990,-990
"80","Latin America","Brazil",55,1994,10,"State","Minas Gerais",13,"PT",67,"Luiz Inácio Lula da Silva",-990,-990,-990,-990,-990,-990,0.190957374572754,-990,0.190957374572754,-990,-990,-990,-990,-990,-990,-990,-990,-990
"81","Latin America","Brazil",55,1994,10,"State","Pará",14,"PSDB",58,"Fernando Henrique Cardoso",-990,-990,-990,-990,-990,-990,0.545332794189453,-990,0.545332794189453,-990,-990,-990,-990,-990,-990,-990,-990,-990
"82","Latin America","Brazil",55,1994,10,"State","Pará",14,"PT",67,"Luiz Inácio Lula da Silva",-990,-990,-990,-990,-990,-990,0.305595054626465,-990,0.305595054626465,-990,-990,-990,-990,-990,-990,-990,-990,-990
"83","Latin America","Brazil",55,1994,10,"State","Paraíba",15,"PSDB",58,"Fernando Henrique Cardoso",-990,-990,-990,-990,-990,-990,0.630479125976563,-990,0.630479125976563,-990,-990,-990,-990,-990,-990,-990,-990,-990
"84","Latin America","Brazil",55,1994,10,"State","Paraíba",15,"PT",67,"Luiz Inácio Lula da Silva",-990,-990,-990,-990,-990,-990,0.257480926513672,-990,0.257480926513672,-990,-990,-990,-990,-990,-990,-990,-990,-990
"85","Latin America","Brazil",55,1994,10,"State","Paraná",16,"PSDB",58,"Fernando Henrique Cardoso",-990,-990,-990,-990,-990,-990,0.53813591003418,-990,0.53813591003418,-990,-990,-990,-990,-990,-990,-990,-990,-990
"86","Latin America","Brazil",55,1994,10,"State","Paraná",16,"PT",67,"Luiz Inácio Lula da Silva",-990,-990,-990,-990,-990,-990,0.369932518005371,-990,0.369932518005371,-990,-990,-990,-990,-990,-990,-990,-990,-990
"87","Latin America","Brazil",55,1994,10,"State","Pernambuco",17,"PSDB",58,"Fernando Henrique Cardoso",-990,-990,-990,-990,-990,-990,0.515073661804199,-990,0.515073661804199,-990,-990,-990,-990,-990,-990,-990,-990,-990
"88","Latin America","Brazil",55,1994,10,"State","Pernambuco",17,"PT",67,"Luiz Inácio Lula da Silva",-990,-990,-990,-990,-990,-990,0.320109558105469,-990,0.320109558105469,-990,-990,-990,-990,-990,-990,-990,-990,-990
"89","Latin America","Brazil",55,1994,10,"State","Piauí",18,"PSDB",58,"Fernando Henrique Cardoso",-990,-990,-990,-990,-990,-990,0.60328296661377,-990,0.60328296661377,-990,-990,-990,-990,-990,-990,-990,-990,-990
"90","Latin America","Brazil",55,1994,10,"State","Piauí",18,"PT",67,"Luiz Inácio Lula da Silva",-990,-990,-990,-990,-990,-990,0.227483768463135,-990,0.227483768463135,-990,-990,-990,-990,-990,-990,-990,-990,-990
"91","Latin America","Brazil",55,1994,10,"State","Rio de Janeiro",19,"PSDB",58,"Fernando Henrique Cardoso",-990,-990,-990,-990,-990,-990,0.471794204711914,-990,0.471794204711914,-990,-990,-990,-990,-990,-990,-990,-990,-990
"92","Latin America","Brazil",55,1994,10,"State","Rio de Janeiro",19,"PT",67,"Luiz Inácio Lula da Silva",-990,-990,-990,-990,-990,-990,0.256948432922363,-990,0.256948432922363,-990,-990,-990,-990,-990,-990,-990,-990,-990
"93","Latin America","Brazil",55,1994,10,"State","Rio Grande do Norte",20,"PSDB",58,"Fernando Henrique Cardoso",-990,-990,-990,-990,-990,-990,0.642706985473633,-990,0.642706985473633,-990,-990,-990,-990,-990,-990,-990,-990,-990
"94","Latin America","Brazil",55,1994,10,"State","Rio Grande do Norte",20,"PT",67,"Luiz Inácio Lula da Silva",-990,-990,-990,-990,-990,-990,0.240863494873047,-990,0.240863494873047,-990,-990,-990,-990,-990,-990,-990,-990,-990
"95","Latin America","Brazil",55,1994,10,"State","Rio Grande do Sul",21,"PSDB",58,"Fernando Henrique Cardoso",-990,-990,-990,-990,-990,-990,0.633558197021484,-990,0.633558197021484,-990,-990,-990,-990,-990,-990,-990,-990,-990
"96","Latin America","Brazil",55,1994,10,"State","Rio Grande do Sul",21,"PT",67,"Luiz Inácio Lula da Silva",-990,-990,-990,-990,-990,-990,0.219404983520508,-990,0.219404983520508,-990,-990,-990,-990,-990,-990,-990,-990,-990
"97","Latin America","Brazil",55,1994,10,"State","Rondônia",22,"PSDB",58,"Fernando Henrique Cardoso",-990,-990,-990,-990,-990,-990,0.716445922851562,-990,0.716445922851562,-990,-990,-990,-990,-990,-990,-990,-990,-990
"98","Latin America","Brazil",55,1994,10,"State","Rondônia",22,"PT",67,"Luiz Inácio Lula da Silva",-990,-990,-990,-990,-990,-990,0.136636209487915,-990,0.136636209487915,-990,-990,-990,-990,-990,-990,-990,-990,-990
"99","Latin America","Brazil",55,1994,10,"State","Roraima",23,"PSDB",58,"Fernando Henrique Cardoso",-990,-990,-990,-990,-990,-990,0.295686893463135,-990,0.295686893463135,-990,-990,-990,-990,-990,-990,-990,-990,-990
"100","Latin America","Brazil",55,1994,10,"State","Roraima",23,"PT",67,"Luiz Inácio Lula da Silva",-990,-990,-990,-990,-990,-990,0.334766120910645,-990,0.334766120910645,-990,-990,-990,-990,-990,-990,-990,-990,-990
"101","Latin America","Brazil",55,1994,10,"State","Santa Catarina",24,"PSDB",58,"Fernando Henrique Cardoso",-990,-990,-990,-990,-990,-990,0.33201343536377,-990,0.33201343536377,-990,-990,-990,-990,-990,-990,-990,-990,-990
"102","Latin America","Brazil",55,1994,10,"State","Santa Catarina",24,"PT",67,"Luiz Inácio Lula da Silva",-990,-990,-990,-990,-990,-990,0.265525817871094,-990,0.265525817871094,-990,-990,-990,-990,-990,-990,-990,-990,-990
"103","Latin America","Brazil",55,1994,10,"State","São Paulo",25,"PSDB",58,"Fernando Henrique Cardoso",-990,-990,-990,-990,-990,-990,0.473713455200195,-990,0.473713455200195,-990,-990,-990,-990,-990,-990,-990,-990,-990
"104","Latin America","Brazil",55,1994,10,"State","São Paulo",25,"PT",67,"Luiz Inácio Lula da Silva",-990,-990,-990,-990,-990,-990,0.369413452148438,-990,0.369413452148438,-990,-990,-990,-990,-990,-990,-990,-990,-990
"105","Latin America","Brazil",55,1994,10,"State","Sergipe",26,"PSDB",58,"Fernando Henrique Cardoso",-990,-990,-990,-990,-990,-990,0.557424964904785,-990,0.557424964904785,-990,-990,-990,-990,-990,-990,-990,-990,-990
"106","Latin America","Brazil",55,1994,10,"State","Sergipe",26,"PT",67,"Luiz Inácio Lula da Silva",-990,-990,-990,-990,-990,-990,0.270099086761475,-990,0.270099086761475,-990,-990,-990,-990,-990,-990,-990,-990,-990
"107","Latin America","Brazil",55,1994,10,"State","Tocantins",27,"PSDB",58,"Fernando Henrique Cardoso",-990,-990,-990,-990,-990,-990,0.680261306762695,-990,0.680261306762695,-990,-990,-990,-990,-990,-990,-990,-990,-990
"108","Latin America","Brazil",55,1994,10,"State","Tocantins",27,"PT",67,"Luiz Inácio Lula da Silva",-990,-990,-990,-990,-990,-990,0.159382400512695,-990,0.159382400512695,-990,-990,-990,-990,-990,-990,-990,-990,-990
"109","Latin America","Brazil",55,1998,10,"State","Acre",1,"PSDB",58,"Fernando Henrique Cardoso",-990,-990,-990,-990,-990,-990,0.468005638122559,-990,0.468005638122559,-990,-990,-990,-990,-990,-990,-990,-990,-990
"110","Latin America","Brazil",55,1998,10,"State","Acre",1,"PT",67,"Luiz Inácio Lula da Silva",-990,-990,-990,-990,-990,-990,0.309144859313965,-990,0.309144859313965,-990,-990,-990,-990,-990,-990,-990,-990,-990
"111","Latin America","Brazil",55,1998,10,"State","Alagoas",2,"PSDB",58,"Fernando Henrique Cardoso",-990,-990,-990,-990,-990,-990,0.547937774658203,-990,0.547937774658203,-990,-990,-990,-990,-990,-990,-990,-990,-990
"112","Latin America","Brazil",55,1998,10,"State","Alagoas",2,"PT",67,"Luiz Inácio Lula da Silva",-990,-990,-990,-990,-990,-990,0.224218864440918,-990,0.224218864440918,-990,-990,-990,-990,-990,-990,-990,-990,-990
"113","Latin America","Brazil",55,1998,10,"State","Amapá",3,"PSDB",58,"Fernando Henrique Cardoso",-990,-990,-990,-990,-990,-990,0.54697452545166,-990,0.54697452545166,-990,-990,-990,-990,-990,-990,-990,-990,-990
"114","Latin America","Brazil",55,1998,10,"State","Amapá",3,"PT",67,"Luiz Inácio Lula da Silva",-990,-990,-990,-990,-990,-990,0.255822982788086,-990,0.255822982788086,-990,-990,-990,-990,-990,-990,-990,-990,-990
"115","Latin America","Brazil",55,1998,10,"State","Amazonas",4,"PSDB",58,"Fernando Henrique Cardoso",-990,-990,-990,-990,-990,-990,0.423244781494141,-990,0.423244781494141,-990,-990,-990,-990,-990,-990,-990,-990,-990
"116","Latin America","Brazil",55,1998,10,"State","Amazonas",4,"PT",67,"Luiz Inácio Lula da Silva",-990,-990,-990,-990,-990,-990,0.386776428222656,-990,0.386776428222656,-990,-990,-990,-990,-990,-990,-990,-990,-990
"117","Latin America","Brazil",55,1998,10,"State","Bahia",5,"PSDB",58,"Fernando Henrique Cardoso",-990,-990,-990,-990,-990,-990,0.507944259643555,-990,0.507944259643555,-990,-990,-990,-990,-990,-990,-990,-990,-990
"118","Latin America","Brazil",55,1998,10,"State","Bahia",5,"PT",67,"Luiz Inácio Lula da Silva",-990,-990,-990,-990,-990,-990,0.353024826049805,-990,0.353024826049805,-990,-990,-990,-990,-990,-990,-990,-990,-990
"119","Latin America","Brazil",55,1998,10,"State","Ceará",6,"PSDB",58,"Fernando Henrique Cardoso",-990,-990,-990,-990,-990,-990,0.303101959228516,-990,0.303101959228516,-990,-990,-990,-990,-990,-990,-990,-990,-990
"120","Latin America","Brazil",55,1998,10,"State","Ceará",6,"PT",67,"Luiz Inácio Lula da Silva",-990,-990,-990,-990,-990,-990,0.328408584594727,-990,0.328408584594727,-990,-990,-990,-990,-990,-990,-990,-990,-990
"121","Latin America","Brazil",55,1998,10,"State","Distrito Federal",7,"PSDB",58,"Fernando Henrique Cardoso",-990,-990,-990,-990,-990,-990,0.404491806030273,-990,0.404491806030273,-990,-990,-990,-990,-990,-990,-990,-990,-990
"122","Latin America","Brazil",55,1998,10,"State","Distrito Federal",7,"PT",67,"Luiz Inácio Lula da Silva",-990,-990,-990,-990,-990,-990,0.297349300384522,-990,0.297349300384522,-990,-990,-990,-990,-990,-990,-990,-990,-990
"123","Latin America","Brazil",55,1998,10,"State","Espírito Santo",8,"PSDB",58,"Fernando Henrique Cardoso",-990,-990,-990,-990,-990,-990,0.647478408813477,-990,0.647478408813477,-990,-990,-990,-990,-990,-990,-990,-990,-990
"124","Latin America","Brazil",55,1998,10,"State","Espírito Santo",8,"PT",67,"Luiz Inácio Lula da Silva",-990,-990,-990,-990,-990,-990,0.209565734863281,-990,0.209565734863281,-990,-990,-990,-990,-990,-990,-990,-990,-990
"125","Latin America","Brazil",55,1998,10,"State","Goiás",9,"PSDB",58,"Fernando Henrique Cardoso",-990,-990,-990,-990,-990,-990,0.659569244384766,-990,0.659569244384766,-990,-990,-990,-990,-990,-990,-990,-990,-990
"126","Latin America","Brazil",55,1998,10,"State","Goiás",9,"PT",67,"Luiz Inácio Lula da Silva",-990,-990,-990,-990,-990,-990,0.196243419647217,-990,0.196243419647217,-990,-990,-990,-990,-990,-990,-990,-990,-990
"127","Latin America","Brazil",55,1998,10,"State","Maranhão",10,"PSDB",58,"Fernando Henrique Cardoso",-990,-990,-990,-990,-990,-990,0.486089477539063,-990,0.486089477539063,-990,-990,-990,-990,-990,-990,-990,-990,-990
"128","Latin America","Brazil",55,1998,10,"State","Maranhão",10,"PT",67,"Luiz Inácio Lula da Silva",-990,-990,-990,-990,-990,-990,0.293819351196289,-990,0.293819351196289,-990,-990,-990,-990,-990,-990,-990,-990,-990
"129","Latin America","Brazil",55,1998,10,"State","Mato Grosso",11,"PSDB",58,"Fernando Henrique Cardoso",-990,-990,-990,-990,-990,-990,0.556765174865723,-990,0.556765174865723,-990,-990,-990,-990,-990,-990,-990,-990,-990
"130","Latin America","Brazil",55,1998,10,"State","Mato Grosso",11,"PT",67,"Luiz Inácio Lula da Silva",-990,-990,-990,-990,-990,-990,0.280558300018311,-990,0.280558300018311,-990,-990,-990,-990,-990,-990,-990,-990,-990
"131","Latin America","Brazil",55,1998,10,"State","Mato Grosso do Sul",12,"PSDB",58,"Fernando Henrique Cardoso",-990,-990,-990,-990,-990,-990,0.612556648254394,-990,0.612556648254394,-990,-990,-990,-990,-990,-990,-990,-990,-990
"132","Latin America","Brazil",55,1998,10,"State","Mato Grosso do Sul",12,"PT",67,"Luiz Inácio Lula da Silva",-990,-990,-990,-990,-990,-990,0.247296009063721,-990,0.247296009063721,-990,-990,-990,-990,-990,-990,-990,-990,-990
"133","Latin America","Brazil",55,1998,10,"State","Minas Gerais",13,"PSDB",58,"Fernando Henrique Cardoso",-990,-990,-990,-990,-990,-990,0.730842514038086,-990,0.730842514038086,-990,-990,-990,-990,-990,-990,-990,-990,-990
"134","Latin America","Brazil",55,1998,10,"State","Minas Gerais",13,"PT",67,"Luiz Inácio Lula da Silva",-990,-990,-990,-990,-990,-990,0.164571437835693,-990,0.164571437835693,-990,-990,-990,-990,-990,-990,-990,-990,-990
"135","Latin America","Brazil",55,1998,10,"State","Pará",14,"PSDB",58,"Fernando Henrique Cardoso",-990,-990,-990,-990,-990,-990,0.567937660217285,-990,0.567937660217285,-990,-990,-990,-990,-990,-990,-990,-990,-990
"136","Latin America","Brazil",55,1998,10,"State","Pará",14,"PT",67,"Luiz Inácio Lula da Silva",-990,-990,-990,-990,-990,-990,0.295318222045898,-990,0.295318222045898,-990,-990,-990,-990,-990,-990,-990,-990,-990
"137","Latin America","Brazil",55,1998,10,"State","Paraíba",15,"PSDB",58,"Fernando Henrique Cardoso",-990,-990,-990,-990,-990,-990,0.451375999450684,-990,0.451375999450684,-990,-990,-990,-990,-990,-990,-990,-990,-990
"138","Latin America","Brazil",55,1998,10,"State","Paraíba",15,"PT",67,"Luiz Inácio Lula da Silva",-990,-990,-990,-990,-990,-990,0.336286697387695,-990,0.336286697387695,-990,-990,-990,-990,-990,-990,-990,-990,-990
"139","Latin America","Brazil",55,1998,10,"State","Paraná",16,"PSDB",58,"Fernando Henrique Cardoso",-990,-990,-990,-990,-990,-990,0.572191390991211,-990,0.572191390991211,-990,-990,-990,-990,-990,-990,-990,-990,-990
"140","Latin America","Brazil",55,1998,10,"State","Paraná",16,"PT",67,"Luiz Inácio Lula da Silva",-990,-990,-990,-990,-990,-990,0.311375885009766,-990,0.311375885009766,-990,-990,-990,-990,-990,-990,-990,-990,-990
"141","Latin America","Brazil",55,1998,10,"State","Pernambuco",17,"PSDB",58,"Fernando Henrique Cardoso",-990,-990,-990,-990,-990,-990,0.481070175170898,-990,0.481070175170898,-990,-990,-990,-990,-990,-990,-990,-990,-990
"142","Latin America","Brazil",55,1998,10,"State","Pernambuco",17,"PT",67,"Luiz Inácio Lula da Silva",-990,-990,-990,-990,-990,-990,0.269286117553711,-990,0.269286117553711,-990,-990,-990,-990,-990,-990,-990,-990,-990
"143","Latin America","Brazil",55,1998,10,"State","Piauí",18,"PSDB",58,"Fernando Henrique Cardoso",-990,-990,-990,-990,-990,-990,0.592489318847656,-990,0.592489318847656,-990,-990,-990,-990,-990,-990,-990,-990,-990
"144","Latin America","Brazil",55,1998,10,"State","Piauí",18,"PT",67,"Luiz Inácio Lula da Silva",-990,-990,-990,-990,-990,-990,0.277859420776367,-990,0.277859420776367,-990,-990,-990,-990,-990,-990,-990,-990,-990
"145","Latin America","Brazil",55,1998,10,"State","Rio de Janeiro",19,"PSDB",58,"Fernando Henrique Cardoso",-990,-990,-990,-990,-990,-990,0.422756843566895,-990,0.422756843566895,-990,-990,-990,-990,-990,-990,-990,-990,-990
"146","Latin America","Brazil",55,1998,10,"State","Rio de Janeiro",19,"PT",67,"Luiz Inácio Lula da Silva",-990,-990,-990,-990,-990,-990,0.423201675415039,-990,0.423201675415039,-990,-990,-990,-990,-990,-990,-990,-990,-990
"147","Latin America","Brazil",55,1998,10,"State","Rio Grande do Norte",20,"PSDB",58,"Fernando Henrique Cardoso",-990,-990,-990,-990,-990,-990,0.506913833618164,-990,0.506913833618164,-990,-990,-990,-990,-990,-990,-990,-990,-990
"148","Latin America","Brazil",55,1998,10,"State","Rio Grande do Norte",20,"PT",67,"Luiz Inácio Lula da Silva",-990,-990,-990,-990,-990,-990,0.258821468353271,-990,0.258821468353271,-990,-990,-990,-990,-990,-990,-990,-990,-990
"149","Latin America","Brazil",55,1998,10,"State","Rio Grande do Sul",21,"PSDB",58,"Fernando Henrique Cardoso",-990,-990,-990,-990,-990,-990,0.664048690795898,-990,0.664048690795898,-990,-990,-990,-990,-990,-990,-990,-990,-990
"150","Latin America","Brazil",55,1998,10,"State","Rio Grande do Sul",21,"PT",67,"Luiz Inácio Lula da Silva",-990,-990,-990,-990,-990,-990,0.213170909881592,-990,0.213170909881592,-990,-990,-990,-990,-990,-990,-990,-990,-990
"151","Latin America","Brazil",55,1998,10,"State","Rondônia",22,"PSDB",58,"Fernando Henrique Cardoso",-990,-990,-990,-990,-990,-990,0.619244842529297,-990,0.619244842529297,-990,-990,-990,-990,-990,-990,-990,-990,-990
"152","Latin America","Brazil",55,1998,10,"State","Rondônia",22,"PT",67,"Luiz Inácio Lula da Silva",-990,-990,-990,-990,-990,-990,0.177754192352295,-990,0.177754192352295,-990,-990,-990,-990,-990,-990,-990,-990,-990
"153","Latin America","Brazil",55,1998,10,"State","Roraima",23,"PSDB",58,"Fernando Henrique Cardoso",-990,-990,-990,-990,-990,-990,0.405761642456055,-990,0.405761642456055,-990,-990,-990,-990,-990,-990,-990,-990,-990
"154","Latin America","Brazil",55,1998,10,"State","Roraima",23,"PT",67,"Luiz Inácio Lula da Silva",-990,-990,-990,-990,-990,-990,0.490388679504395,-990,0.490388679504395,-990,-990,-990,-990,-990,-990,-990,-990,-990
"155","Latin America","Brazil",55,1998,10,"State","Santa Catarina",24,"PSDB",58,"Fernando Henrique Cardoso",-990,-990,-990,-990,-990,-990,0.494273490905762,-990,0.494273490905762,-990,-990,-990,-990,-990,-990,-990,-990,-990
"156","Latin America","Brazil",55,1998,10,"State","Santa Catarina",24,"PT",67,"Luiz Inácio Lula da Silva",-990,-990,-990,-990,-990,-990,0.366081237792969,-990,0.366081237792969,-990,-990,-990,-990,-990,-990,-990,-990,-990
"157","Latin America","Brazil",55,1998,10,"State","São Paulo",25,"PSDB",58,"Fernando Henrique Cardoso",-990,-990,-990,-990,-990,-990,0.47370231628418,-990,0.47370231628418,-990,-990,-990,-990,-990,-990,-990,-990,-990
"158","Latin America","Brazil",55,1998,10,"State","São Paulo",25,"PT",67,"Luiz Inácio Lula da Silva",-990,-990,-990,-990,-990,-990,0.353097839355469,-990,0.353097839355469,-990,-990,-990,-990,-990,-990,-990,-990,-990
"159","Latin America","Brazil",55,1998,10,"State","Sergipe",26,"PSDB",58,"Fernando Henrique Cardoso",-990,-990,-990,-990,-990,-990,0.598858299255371,-990,0.598858299255371,-990,-990,-990,-990,-990,-990,-990,-990,-990
"160","Latin America","Brazil",55,1998,10,"State","Sergipe",26,"PT",67,"Luiz Inácio Lula da Silva",-990,-990,-990,-990,-990,-990,0.288377475738525,-990,0.288377475738525,-990,-990,-990,-990,-990,-990,-990,-990,-990
"161","Latin America","Brazil",55,1998,10,"State","Tocantins",27,"PSDB",58,"Fernando Henrique Cardoso",-990,-990,-990,-990,-990,-990,0.666783065795898,-990,0.666783065795898,-990,-990,-990,-990,-990,-990,-990,-990,-990
"162","Latin America","Brazil",55,1998,10,"State","Tocantins",27,"PT",67,"Luiz Inácio Lula da Silva",-990,-990,-990,-990,-990,-990,0.167345867156982,-990,0.167345867156982,-990,-990,-990,-990,-990,-990,-990,-990,-990
"163","Latin America","Brazil",55,2002,10,"State","Acre",1,"PSDB",58,"José Serra",-990,-990,-990,-990,-990,-990,0.189702110290527,-990,0.189702110290527,-990,-990,-990,-990,-990,-990,-990,-990,-990
"164","Latin America","Brazil",55,2002,10,"State","Acre",1,"PT",67,"Luiz Inácio Lula da Silva",-990,-990,-990,-990,-990,-990,0.468116836547852,-990,0.468116836547852,-990,-990,-990,-990,-990,-990,-990,-990,-990
"165","Latin America","Brazil",55,2002,10,"State","Alagoas",2,"PSDB",58,"José Serra",-990,-990,-990,-990,-990,-990,0.292457809448242,-990,0.292457809448242,-990,-990,-990,-990,-990,-990,-990,-990,-990
"166","Latin America","Brazil",55,2002,10,"State","Alagoas",2,"PT",67,"Luiz Inácio Lula da Silva",-990,-990,-990,-990,-990,-990,0.285964508056641,-990,0.285964508056641,-990,-990,-990,-990,-990,-990,-990,-990,-990
"167","Latin America","Brazil",55,2002,10,"State","Amapá",3,"PSDB",58,"José Serra",-990,-990,-990,-990,-990,-990,0.149539804458618,-990,0.149539804458618,-990,-990,-990,-990,-990,-990,-990,-990,-990
"168","Latin America","Brazil",55,2002,10,"State","Amapá",3,"PT",67,"Luiz Inácio Lula da Silva",-990,-990,-990,-990,-990,-990,0.477251091003418,-990,0.477251091003418,-990,-990,-990,-990,-990,-990,-990,-990,-990
"169","Latin America","Brazil",55,2002,10,"State","Amazonas",4,"PSDB",58,"José Serra",-990,-990,-990,-990,-990,-990,0.0880384826660156,-990,0.0880384826660156,-990,-990,-990,-990,-990,-990,-990,-990,-990
"170","Latin America","Brazil",55,2002,10,"State","Amazonas",4,"PT",67,"Luiz Inácio Lula da Silva",-990,-990,-990,-990,-990,-990,0.499444847106934,-990,0.499444847106934,-990,-990,-990,-990,-990,-990,-990,-990,-990
"171","Latin America","Brazil",55,2002,10,"State","Bahia",5,"PSDB",58,"José Serra",-990,-990,-990,-990,-990,-990,0.168595447540283,-990,0.168595447540283,-990,-990,-990,-990,-990,-990,-990,-990,-990
"172","Latin America","Brazil",55,2002,10,"State","Bahia",5,"PT",67,"Luiz Inácio Lula da Silva",-990,-990,-990,-990,-990,-990,0.552765312194824,-990,0.552765312194824,-990,-990,-990,-990,-990,-990,-990,-990,-990
"173","Latin America","Brazil",55,2002,10,"State","Ceará",6,"PSDB",58,"José Serra",-990,-990,-990,-990,-990,-990,0.085338306427002,-990,0.085338306427002,-990,-990,-990,-990,-990,-990,-990,-990,-990
"174","Latin America","Brazil",55,2002,10,"State","Ceará",6,"PT",67,"Luiz Inácio Lula da Silva",-990,-990,-990,-990,-990,-990,0.393598556518555,-990,0.393598556518555,-990,-990,-990,-990,-990,-990,-990,-990,-990
"175","Latin America","Brazil",55,2002,10,"State","Distrito Federal",7,"PSDB",58,"José Serra",-990,-990,-990,-990,-990,-990,0.167500400543213,-990,0.167500400543213,-990,-990,-990,-990,-990,-990,-990,-990,-990
"176","Latin America","Brazil",55,2002,10,"State","Distrito Federal",7,"PT",67,"Luiz Inácio Lula da Silva",-990,-990,-990,-990,-990,-990,0.490706405639648,-990,0.490706405639648,-990,-990,-990,-990,-990,-990,-990,-990,-990
"177","Latin America","Brazil",55,2002,10,"State","Espírito Santo",8,"PSDB",58,"José Serra",-990,-990,-990,-990,-990,-990,0.207628917694092,-990,0.207628917694092,-990,-990,-990,-990,-990,-990,-990,-990,-990
"178","Latin America","Brazil",55,2002,10,"State","Espírito Santo",8,"PT",67,"Luiz Inácio Lula da Silva",-990,-990,-990,-990,-990,-990,0.445190925598145,-990,0.445190925598145,-990,-990,-990,-990,-990,-990,-990,-990,-990
"179","Latin America","Brazil",55,2002,10,"State","Goiás",9,"PSDB",58,"José Serra",-990,-990,-990,-990,-990,-990,0.279112606048584,-990,0.279112606048584,-990,-990,-990,-990,-990,-990,-990,-990,-990
"180","Latin America","Brazil",55,2002,10,"State","Goiás",9,"PT",67,"Luiz Inácio Lula da Silva",-990,-990,-990,-990,-990,-990,0.420975914001465,-990,0.420975914001465,-990,-990,-990,-990,-990,-990,-990,-990,-990
"181","Latin America","Brazil",55,2002,10,"State","Maranhão",10,"PSDB",58,"José Serra",-990,-990,-990,-990,-990,-990,0.120549831390381,-990,0.120549831390381,-990,-990,-990,-990,-990,-990,-990,-990,-990
"182","Latin America","Brazil",55,2002,10,"State","Maranhão",10,"PT",67,"Luiz Inácio Lula da Silva",-990,-990,-990,-990,-990,-990,0.408812675476074,-990,0.408812675476074,-990,-990,-990,-990,-990,-990,-990,-990,-990
"183","Latin America","Brazil",55,2002,10,"State","Mato Grosso",11,"PSDB",58,"José Serra",-990,-990,-990,-990,-990,-990,0.228573989868164,-990,0.228573989868164,-990,-990,-990,-990,-990,-990,-990,-990,-990
"184","Latin America","Brazil",55,2002,10,"State","Mato Grosso",11,"PT",67,"Luiz Inácio Lula da Silva",-990,-990,-990,-990,-990,-990,0.530119590759277,-990,0.530119590759277,-990,-990,-990,-990,-990,-990,-990,-990,-990
"185","Latin America","Brazil",55,2002,10,"State","Mato Grosso do Sul",12,"PSDB",58,"José Serra",-990,-990,-990,-990,-990,-990,0.287057609558105,-990,0.287057609558105,-990,-990,-990,-990,-990,-990,-990,-990,-990
"186","Latin America","Brazil",55,2002,10,"State","Mato Grosso do Sul",12,"PT",67,"Luiz Inácio Lula da Silva",-990,-990,-990,-990,-990,-990,0.414863548278809,-990,0.414863548278809,-990,-990,-990,-990,-990,-990,-990,-990,-990
"187","Latin America","Brazil",55,2002,10,"State","Minas Gerais",13,"PSDB",58,"José Serra",-990,-990,-990,-990,-990,-990,0.297088661193848,-990,0.297088661193848,-990,-990,-990,-990,-990,-990,-990,-990,-990
"188","Latin America","Brazil",55,2002,10,"State","Minas Gerais",13,"PT",67,"Luiz Inácio Lula da Silva",-990,-990,-990,-990,-990,-990,0.406262626647949,-990,0.406262626647949,-990,-990,-990,-990,-990,-990,-990,-990,-990
"189","Latin America","Brazil",55,2002,10,"State","Pará",14,"PSDB",58,"José Serra",-990,-990,-990,-990,-990,-990,0.265975704193115,-990,0.265975704193115,-990,-990,-990,-990,-990,-990,-990,-990,-990
"190","Latin America","Brazil",55,2002,10,"State","Pará",14,"PT",67,"Luiz Inácio Lula da Silva",-990,-990,-990,-990,-990,-990,0.422731590270996,-990,0.422731590270996,-990,-990,-990,-990,-990,-990,-990,-990,-990
"191","Latin America","Brazil",55,2002,10,"State","Paraíba",15,"PSDB",58,"José Serra",-990,-990,-990,-990,-990,-990,0.295305213928223,-990,0.295305213928223,-990,-990,-990,-990,-990,-990,-990,-990,-990
"192","Latin America","Brazil",55,2002,10,"State","Paraíba",15,"PT",67,"Luiz Inácio Lula da Silva",-990,-990,-990,-990,-990,-990,0.47766529083252,-990,0.47766529083252,-990,-990,-990,-990,-990,-990,-990,-990,-990
"193","Latin America","Brazil",55,2002,10,"State","Paraná",16,"PSDB",58,"José Serra",-990,-990,-990,-990,-990,-990,0.284506702423096,-990,0.284506702423096,-990,-990,-990,-990,-990,-990,-990,-990,-990
"194","Latin America","Brazil",55,2002,10,"State","Paraná",16,"PT",67,"Luiz Inácio Lula da Silva",-990,-990,-990,-990,-990,-990,0.464367179870605,-990,0.464367179870605,-990,-990,-990,-990,-990,-990,-990,-990,-990
"195","Latin America","Brazil",55,2002,10,"State","Pernambuco",17,"PSDB",58,"José Serra",-990,-990,-990,-990,-990,-990,0.272709693908691,-990,0.272709693908691,-990,-990,-990,-990,-990,-990,-990,-990,-990
"196","Latin America","Brazil",55,2002,10,"State","Pernambuco",17,"PT",67,"Luiz Inácio Lula da Silva",-990,-990,-990,-990,-990,-990,0.468620758056641,-990,0.468620758056641,-990,-990,-990,-990,-990,-990,-990,-990,-990
"197","Latin America","Brazil",55,2002,10,"State","Piauí",18,"PSDB",58,"José Serra",-990,-990,-990,-990,-990,-990,0.269848480224609,-990,0.269848480224609,-990,-990,-990,-990,-990,-990,-990,-990,-990
"198","Latin America","Brazil",55,2002,10,"State","Piauí",18,"PT",67,"Luiz Inácio Lula da Silva",-990,-990,-990,-990,-990,-990,0.501324882507324,-990,0.501324882507324,-990,-990,-990,-990,-990,-990,-990,-990,-990
"199","Latin America","Brazil",55,2002,10,"State","Rio de Janeiro",19,"PSDB",58,"José Serra",-990,-990,-990,-990,-990,-990,0.0881947803497314,-990,0.0881947803497314,-990,-990,-990,-990,-990,-990,-990,-990,-990
"200","Latin America","Brazil",55,2002,10,"State","Rio de Janeiro",19,"PT",67,"Luiz Inácio Lula da Silva",-990,-990,-990,-990,-990,-990,0.401694717407227,-990,0.401694717407227,-990,-990,-990,-990,-990,-990,-990,-990,-990
"201","Latin America","Brazil",55,2002,10,"State","Rio Grande do Norte",20,"PSDB",58,"José Serra",-990,-990,-990,-990,-990,-990,0.222446708679199,-990,0.222446708679199,-990,-990,-990,-990,-990,-990,-990,-990,-990
"202","Latin America","Brazil",55,2002,10,"State","Rio Grande do Norte",20,"PT",67,"Luiz Inácio Lula da Silva",-990,-990,-990,-990,-990,-990,0.436850662231445,-990,0.436850662231445,-990,-990,-990,-990,-990,-990,-990,-990,-990
"203","Latin America","Brazil",55,2002,10,"State","Rio Grande do Sul",21,"PSDB",58,"José Serra",-990,-990,-990,-990,-990,-990,0.20350700378418,-990,0.20350700378418,-990,-990,-990,-990,-990,-990,-990,-990,-990
"204","Latin America","Brazil",55,2002,10,"State","Rio Grande do Sul",21,"PT",67,"Luiz Inácio Lula da Silva",-990,-990,-990,-990,-990,-990,0.450384826660156,-990,0.450384826660156,-990,-990,-990,-990,-990,-990,-990,-990,-990
"205","Latin America","Brazil",55,2002,10,"State","Rondônia",22,"PSDB",58,"José Serra",-990,-990,-990,-990,-990,-990,0.119956007003784,-990,0.119956007003784,-990,-990,-990,-990,-990,-990,-990,-990,-990
"206","Latin America","Brazil",55,2002,10,"State","Rondônia",22,"PT",67,"Luiz Inácio Lula da Silva",-990,-990,-990,-990,-990,-990,0.449652214050293,-990,0.449652214050293,-990,-990,-990,-990,-990,-990,-990,-990,-990
"207","Latin America","Brazil",55,2002,10,"State","Roraima",23,"PSDB",58,"José Serra",-990,-990,-990,-990,-990,-990,0.324028854370117,-990,0.324028854370117,-990,-990,-990,-990,-990,-990,-990,-990,-990
"208","Latin America","Brazil",55,2002,10,"State","Roraima",23,"PT",67,"Luiz Inácio Lula da Silva",-990,-990,-990,-990,-990,-990,0.451828651428223,-990,0.451828651428223,-990,-990,-990,-990,-990,-990,-990,-990,-990
"209","Latin America","Brazil",55,2002,10,"State","Santa Catarina",24,"PSDB",58,"José Serra",-990,-990,-990,-990,-990,-990,0.232762546539307,-990,0.232762546539307,-990,-990,-990,-990,-990,-990,-990,-990,-990
"210","Latin America","Brazil",55,2002,10,"State","Santa Catarina",24,"PT",67,"Luiz Inácio Lula da Silva",-990,-990,-990,-990,-990,-990,0.565990905761719,-990,0.565990905761719,-990,-990,-990,-990,-990,-990,-990,-990,-990
"211","Latin America","Brazil",55,2002,10,"State","São Paulo",25,"PSDB",58,"José Serra",-990,-990,-990,-990,-990,-990,0.198541164398193,-990,0.198541164398193,-990,-990,-990,-990,-990,-990,-990,-990,-990
"212","Latin America","Brazil",55,2002,10,"State","São Paulo",25,"PT",67,"Luiz Inácio Lula da Silva",-990,-990,-990,-990,-990,-990,0.442723236083984,-990,0.442723236083984,-990,-990,-990,-990,-990,-990,-990,-990,-990
"213","Latin America","Brazil",55,2002,10,"State","Sergipe",26,"PSDB",58,"José Serra",-990,-990,-990,-990,-990,-990,0.285242290496826,-990,0.285242290496826,-990,-990,-990,-990,-990,-990,-990,-990,-990
"214","Latin America","Brazil",55,2002,10,"State","Sergipe",26,"PT",67,"Luiz Inácio Lula da Silva",-990,-990,-990,-990,-990,-990,0.461123504638672,-990,0.461123504638672,-990,-990,-990,-990,-990,-990,-990,-990,-990
"215","Latin America","Brazil",55,2002,10,"State","Tocantins",27,"PSDB",58,"José Serra",-990,-990,-990,-990,-990,-990,0.339694290161133,-990,0.339694290161133,-990,-990,-990,-990,-990,-990,-990,-990,-990
"216","Latin America","Brazil",55,2002,10,"State","Tocantins",27,"PT",67,"Luiz Inácio Lula da Silva",-990,-990,-990,-990,-990,-990,0.43104118347168,-990,0.43104118347168,-990,-990,-990,-990,-990,-990,-990,-990,-990
"217","Latin America","Brazil",55,2006,10,"State","Acre",1,"PSDB",58,"Geraldo Alckmin",-990,-990,-990,-990,-990,-990,0.517869148254395,-990,0.517869148254395,-990,-990,-990,-990,-990,-990,-990,-990,-990
"218","Latin America","Brazil",55,2006,10,"State","Acre",1,"PT",67,"Luiz Inácio Lula da Silva",-990,-990,-990,-990,-990,-990,0.426162643432617,-990,0.426162643432617,-990,-990,-990,-990,-990,-990,-990,-990,-990
"219","Latin America","Brazil",55,2006,10,"State","Alagoas",2,"PSDB",58,"Geraldo Alckmin",-990,-990,-990,-990,-990,-990,0.377949066162109,-990,0.377949066162109,-990,-990,-990,-990,-990,-990,-990,-990,-990
"220","Latin America","Brazil",55,2006,10,"State","Alagoas",2,"PT",67,"Luiz Inácio Lula da Silva",-990,-990,-990,-990,-990,-990,0.466290016174316,-990,0.466290016174316,-990,-990,-990,-990,-990,-990,-990,-990,-990
"221","Latin America","Brazil",55,2006,10,"State","Amapá",3,"PSDB",58,"Geraldo Alckmin",-990,-990,-990,-990,-990,-990,0.124523515701294,-990,0.124523515701294,-990,-990,-990,-990,-990,-990,-990,-990,-990
"222","Latin America","Brazil",55,2006,10,"State","Amapá",3,"PT",67,"Luiz Inácio Lula da Silva",-990,-990,-990,-990,-990,-990,0.780641479492188,-990,0.780641479492188,-990,-990,-990,-990,-990,-990,-990,-990,-990
"223","Latin America","Brazil",55,2006,10,"State","Amazonas",4,"PSDB",58,"Geraldo Alckmin",-990,-990,-990,-990,-990,-990,0.321857681274414,-990,0.321857681274414,-990,-990,-990,-990,-990,-990,-990,-990,-990
"224","Latin America","Brazil",55,2006,10,"State","Amazonas",4,"PT",67,"Luiz Inácio Lula da Silva",-990,-990,-990,-990,-990,-990,0.543962173461914,-990,0.543962173461914,-990,-990,-990,-990,-990,-990,-990,-990,-990
"225","Latin America","Brazil",55,2006,10,"State","Bahia",5,"PSDB",58,"Geraldo Alckmin",-990,-990,-990,-990,-990,-990,0.260280876159668,-990,0.260280876159668,-990,-990,-990,-990,-990,-990,-990,-990,-990
"226","Latin America","Brazil",55,2006,10,"State","Bahia",5,"PT",67,"Luiz Inácio Lula da Silva",-990,-990,-990,-990,-990,-990,0.666536560058594,-990,0.666536560058594,-990,-990,-990,-990,-990,-990,-990,-990,-990
"227","Latin America","Brazil",55,2006,10,"State","Ceará",6,"PSDB",58,"Geraldo Alckmin",-990,-990,-990,-990,-990,-990,0.22786828994751,-990,0.22786828994751,-990,-990,-990,-990,-990,-990,-990,-990,-990
"228","Latin America","Brazil",55,2006,10,"State","Ceará",6,"PT",67,"Luiz Inácio Lula da Silva",-990,-990,-990,-990,-990,-990,0.71224479675293,-990,0.71224479675293,-990,-990,-990,-990,-990,-990,-990,-990,-990
"229","Latin America","Brazil",55,2006,10,"State","Distrito Federal",7,"PSDB",58,"Geraldo Alckmin",-990,-990,-990,-990,-990,-990,0.441103134155273,-990,0.441103134155273,-990,-990,-990,-990,-990,-990,-990,-990,-990
"230","Latin America","Brazil",55,2006,10,"State","Distrito Federal",7,"PT",67,"Luiz Inácio Lula da Silva",-990,-990,-990,-990,-990,-990,0.370533561706543,-990,0.370533561706543,-990,-990,-990,-990,-990,-990,-990,-990,-990
"231","Latin America","Brazil",55,2006,10,"State","Espírito Santo",8,"PSDB",58,"Geraldo Alckmin",-990,-990,-990,-990,-990,-990,0.371469802856445,-990,0.371469802856445,-990,-990,-990,-990,-990,-990,-990,-990,-990
"232","Latin America","Brazil",55,2006,10,"State","Espírito Santo",8,"PT",67,"Luiz Inácio Lula da Silva",-990,-990,-990,-990,-990,-990,0.52966682434082,-990,0.52966682434082,-990,-990,-990,-990,-990,-990,-990,-990,-990
"233","Latin America","Brazil",55,2006,10,"State","Goiás",9,"PSDB",58,"Geraldo Alckmin",-990,-990,-990,-990,-990,-990,0.514967193603516,-990,0.514967193603516,-990,-990,-990,-990,-990,-990,-990,-990,-990
"234","Latin America","Brazil",55,2006,10,"State","Goiás",9,"PT",67,"Luiz Inácio Lula da Silva",-990,-990,-990,-990,-990,-990,0.401650543212891,-990,0.401650543212891,-990,-990,-990,-990,-990,-990,-990,-990,-990
"235","Latin America","Brazil",55,2006,10,"State","Maranhão",10,"PSDB",58,"Geraldo Alckmin",-990,-990,-990,-990,-990,-990,0.188094940185547,-990,0.188094940185547,-990,-990,-990,-990,-990,-990,-990,-990,-990
"236","Latin America","Brazil",55,2006,10,"State","Maranhão",10,"PT",67,"Luiz Inácio Lula da Silva",-990,-990,-990,-990,-990,-990,0.755021820068359,-990,0.755021820068359,-990,-990,-990,-990,-990,-990,-990,-990,-990
"237","Latin America","Brazil",55,2006,10,"State","Mato Grosso",11,"PSDB",58,"Geraldo Alckmin",-990,-990,-990,-990,-990,-990,0.406191215515137,-990,0.406191215515137,-990,-990,-990,-990,-990,-990,-990,-990,-990
"238","Latin America","Brazil",55,2006,10,"State","Mato Grosso",11,"PT",67,"Luiz Inácio Lula da Silva",-990,-990,-990,-990,-990,-990,0.508037948608398,-990,0.508037948608398,-990,-990,-990,-990,-990,-990,-990,-990,-990
"239","Latin America","Brazil",55,2006,10,"State","Mato Grosso do Sul",12,"PSDB",58,"Geraldo Alckmin",-990,-990,-990,-990,-990,-990,0.562249412536621,-990,0.562249412536621,-990,-990,-990,-990,-990,-990,-990,-990,-990
"240","Latin America","Brazil",55,2006,10,"State","Mato Grosso do Sul",12,"PT",67,"Luiz Inácio Lula da Silva",-990,-990,-990,-990,-990,-990,0.360064353942871,-990,0.360064353942871,-990,-990,-990,-990,-990,-990,-990,-990,-990
"241","Latin America","Brazil",55,2006,10,"State","Minas Gerais",13,"PSDB",58,"Geraldo Alckmin",-990,-990,-990,-990,-990,-990,0.54793083190918,-990,0.54793083190918,-990,-990,-990,-990,-990,-990,-990,-990,-990
"242","Latin America","Brazil",55,2006,10,"State","Minas Gerais",13,"PT",67,"Luiz Inácio Lula da Silva",-990,-990,-990,-990,-990,-990,0.386770133972168,-990,0.386770133972168,-990,-990,-990,-990,-990,-990,-990,-990,-990
"243","Latin America","Brazil",55,2006,10,"State","Pará",14,"PSDB",58,"Geraldo Alckmin",-990,-990,-990,-990,-990,-990,0.415922470092773,-990,0.415922470092773,-990,-990,-990,-990,-990,-990,-990,-990,-990
"244","Latin America","Brazil",55,2006,10,"State","Pará",14,"PT",67,"Luiz Inácio Lula da Silva",-990,-990,-990,-990,-990,-990,0.517847290039062,-990,0.517847290039062,-990,-990,-990,-990,-990,-990,-990,-990,-990
"245","Latin America","Brazil",55,2006,10,"State","Paraíba",15,"PSDB",58,"Geraldo Alckmin",-990,-990,-990,-990,-990,-990,0.278743362426758,-990,0.278743362426758,-990,-990,-990,-990,-990,-990,-990,-990,-990
"246","Latin America","Brazil",55,2006,10,"State","Paraíba",15,"PT",67,"Luiz Inácio Lula da Silva",-990,-990,-990,-990,-990,-990,0.653122482299805,-990,0.653122482299805,-990,-990,-990,-990,-990,-990,-990,-990,-990
"247","Latin America","Brazil",55,2006,10,"State","Paraná",16,"PSDB",58,"Geraldo Alckmin",-990,-990,-990,-990,-990,-990,0.22859037399292,-990,0.22859037399292,-990,-990,-990,-990,-990,-990,-990,-990,-990
"248","Latin America","Brazil",55,2006,10,"State","Paraná",16,"PT",67,"Luiz Inácio Lula da Silva",-990,-990,-990,-990,-990,-990,0.709330291748047,-990,0.709330291748047,-990,-990,-990,-990,-990,-990,-990,-990,-990
"249","Latin America","Brazil",55,2006,10,"State","Pernambuco",17,"PSDB",58,"Geraldo Alckmin",-990,-990,-990,-990,-990,-990,0.280352210998535,-990,0.280352210998535,-990,-990,-990,-990,-990,-990,-990,-990,-990
"250","Latin America","Brazil",55,2006,10,"State","Pernambuco",17,"PT",67,"Luiz Inácio Lula da Silva",-990,-990,-990,-990,-990,-990,0.67286865234375,-990,0.67286865234375,-990,-990,-990,-990,-990,-990,-990,-990,-990
"251","Latin America","Brazil",55,2006,10,"State","Piauí",18,"PSDB",58,"Geraldo Alckmin",-990,-990,-990,-990,-990,-990,0.530138244628906,-990,0.530138244628906,-990,-990,-990,-990,-990,-990,-990,-990,-990
"252","Latin America","Brazil",55,2006,10,"State","Piauí",18,"PT",67,"Luiz Inácio Lula da Silva",-990,-990,-990,-990,-990,-990,0.378980751037598,-990,0.378980751037598,-990,-990,-990,-990,-990,-990,-990,-990,-990
"253","Latin America","Brazil",55,2006,10,"State","Rio de Janeiro",19,"PSDB",58,"Geraldo Alckmin",-990,-990,-990,-990,-990,-990,0.288623180389404,-990,0.288623180389404,-990,-990,-990,-990,-990,-990,-990,-990,-990
"254","Latin America","Brazil",55,2006,10,"State","Rio de Janeiro",19,"PT",67,"Luiz Inácio Lula da Silva",-990,-990,-990,-990,-990,-990,0.491755104064941,-990,0.491755104064941,-990,-990,-990,-990,-990,-990,-990,-990,-990
"255","Latin America","Brazil",55,2006,10,"State","Rio Grande do Norte",20,"PSDB",58,"Geraldo Alckmin",-990,-990,-990,-990,-990,-990,0.316213569641113,-990,0.316213569641113,-990,-990,-990,-990,-990,-990,-990,-990,-990
"256","Latin America","Brazil",55,2006,10,"State","Rio Grande do Norte",20,"PT",67,"Luiz Inácio Lula da Silva",-990,-990,-990,-990,-990,-990,0.600891342163086,-990,0.600891342163086,-990,-990,-990,-990,-990,-990,-990,-990,-990
"257","Latin America","Brazil",55,2006,10,"State","Rio Grande do Sul",21,"PSDB",58,"Geraldo Alckmin",-990,-990,-990,-990,-990,-990,0.470449256896973,-990,0.470449256896973,-990,-990,-990,-990,-990,-990,-990,-990,-990
"258","Latin America","Brazil",55,2006,10,"State","Rio Grande do Sul",21,"PT",67,"Luiz Inácio Lula da Silva",-990,-990,-990,-990,-990,-990,0.450627555847168,-990,0.450627555847168,-990,-990,-990,-990,-990,-990,-990,-990,-990
"259","Latin America","Brazil",55,2006,10,"State","Rondônia",22,"PSDB",58,"Geraldo Alckmin",-990,-990,-990,-990,-990,-990,0.597327308654785,-990,0.597327308654785,-990,-990,-990,-990,-990,-990,-990,-990,-990
"260","Latin America","Brazil",55,2006,10,"State","Rondônia",22,"PT",67,"Luiz Inácio Lula da Silva",-990,-990,-990,-990,-990,-990,0.261519832611084,-990,0.261519832611084,-990,-990,-990,-990,-990,-990,-990,-990,-990
"261","Latin America","Brazil",55,2006,10,"State","Roraima",23,"PSDB",58,"Geraldo Alckmin",-990,-990,-990,-990,-990,-990,0.557576026916504,-990,0.557576026916504,-990,-990,-990,-990,-990,-990,-990,-990,-990
"262","Latin America","Brazil",55,2006,10,"State","Roraima",23,"PT",67,"Luiz Inácio Lula da Silva",-990,-990,-990,-990,-990,-990,0.330713958740234,-990,0.330713958740234,-990,-990,-990,-990,-990,-990,-990,-990,-990
"263","Latin America","Brazil",55,2006,10,"State","Santa Catarina",24,"PSDB",58,"Geraldo Alckmin",-990,-990,-990,-990,-990,-990,0.566054801940918,-990,0.566054801940918,-990,-990,-990,-990,-990,-990,-990,-990,-990
"264","Latin America","Brazil",55,2006,10,"State","Santa Catarina",24,"PT",67,"Luiz Inácio Lula da Silva",-990,-990,-990,-990,-990,-990,0.33222785949707,-990,0.33222785949707,-990,-990,-990,-990,-990,-990,-990,-990,-990
"265","Latin America","Brazil",55,2006,10,"State","São Paulo",25,"PSDB",58,"Geraldo Alckmin",-990,-990,-990,-990,-990,-990,0.443586196899414,-990,0.443586196899414,-990,-990,-990,-990,-990,-990,-990,-990,-990
"266","Latin America","Brazil",55,2006,10,"State","São Paulo",25,"PT",67,"Luiz Inácio Lula da Silva",-990,-990,-990,-990,-990,-990,0.473338851928711,-990,0.473338851928711,-990,-990,-990,-990,-990,-990,-990,-990,-990
"267","Latin America","Brazil",55,2006,10,"State","Sergipe",26,"PSDB",58,"Geraldo Alckmin",-990,-990,-990,-990,-990,-990,0.541950035095215,-990,0.541950035095215,-990,-990,-990,-990,-990,-990,-990,-990,-990
"268","Latin America","Brazil",55,2006,10,"State","Sergipe",26,"PT",67,"Luiz Inácio Lula da Silva",-990,-990,-990,-990,-990,-990,0.367661018371582,-990,0.367661018371582,-990,-990,-990,-990,-990,-990,-990,-990,-990
"269","Latin America","Brazil",55,2006,10,"State","Tocantins",27,"PSDB",58,"Geraldo Alckmin",-990,-990,-990,-990,-990,-990,0.37305061340332,-990,0.37305061340332,-990,-990,-990,-990,-990,-990,-990,-990,-990
"270","Latin America","Brazil",55,2006,10,"State","Tocantins",27,"PT",67,"Luiz Inácio Lula da Silva",-990,-990,-990,-990,-990,-990,0.586237983703613,-990,0.586237983703613,-990,-990,-990,-990,-990,-990,-990,-990,-990
"271","Latin America","Brazil",55,2010,10,"State","Acre",1,"PSDB",58,"José Serra",-990,-990,-990,-990,-990,-990,0.521389541625977,-990,0.521389541625977,-990,-990,-990,-990,-990,-990,-990,-990,-990
"272","Latin America","Brazil",55,2010,10,"State","Acre",1,"PT",67,"Dilma Rousseff",-990,-990,-990,-990,-990,-990,0.23918327331543,-990,0.23918327331543,-990,-990,-990,-990,-990,-990,-990,-990,-990
"273","Latin America","Brazil",55,2010,10,"State","Alagoas",2,"PSDB",58,"José Serra",-990,-990,-990,-990,-990,-990,0.36456470489502,-990,0.36456470489502,-990,-990,-990,-990,-990,-990,-990,-990,-990
"274","Latin America","Brazil",55,2010,10,"State","Alagoas",2,"PT",67,"Dilma Rousseff",-990,-990,-990,-990,-990,-990,0.509184913635254,-990,0.509184913635254,-990,-990,-990,-990,-990,-990,-990,-990,-990
"275","Latin America","Brazil",55,2010,10,"State","Amapá",3,"PSDB",58,"José Serra",-990,-990,-990,-990,-990,-990,0.0847050857543945,-990,0.0847050857543945,-990,-990,-990,-990,-990,-990,-990,-990,-990
"276","Latin America","Brazil",55,2010,10,"State","Amapá",3,"PT",67,"Dilma Rousseff",-990,-990,-990,-990,-990,-990,0.649845886230469,-990,0.649845886230469,-990,-990,-990,-990,-990,-990,-990,-990,-990
"277","Latin America","Brazil",55,2010,10,"State","Amazonas",4,"PSDB",58,"José Serra",-990,-990,-990,-990,-990,-990,0.213899326324463,-990,0.213899326324463,-990,-990,-990,-990,-990,-990,-990,-990,-990
"278","Latin America","Brazil",55,2010,10,"State","Amazonas",4,"PT",67,"Dilma Rousseff",-990,-990,-990,-990,-990,-990,0.471991157531738,-990,0.471991157531738,-990,-990,-990,-990,-990,-990,-990,-990,-990
"279","Latin America","Brazil",55,2010,10,"State","Bahia",5,"PSDB",58,"José Serra",-990,-990,-990,-990,-990,-990,0.209775772094727,-990,0.209775772094727,-990,-990,-990,-990,-990,-990,-990,-990,-990
"280","Latin America","Brazil",55,2010,10,"State","Bahia",5,"PT",67,"Dilma Rousseff",-990,-990,-990,-990,-990,-990,0.626210441589355,-990,0.626210441589355,-990,-990,-990,-990,-990,-990,-990,-990,-990
"281","Latin America","Brazil",55,2010,10,"State","Ceará",6,"PSDB",58,"José Serra",-990,-990,-990,-990,-990,-990,0.163603477478027,-990,0.163603477478027,-990,-990,-990,-990,-990,-990,-990,-990,-990
"282","Latin America","Brazil",55,2010,10,"State","Ceará",6,"PT",67,"Dilma Rousseff",-990,-990,-990,-990,-990,-990,0.662961502075195,-990,0.662961502075195,-990,-990,-990,-990,-990,-990,-990,-990,-990
"283","Latin America","Brazil",55,2010,10,"State","Distrito Federal",7,"PSDB",58,"José Serra",-990,-990,-990,-990,-990,-990,0.243003196716309,-990,0.243003196716309,-990,-990,-990,-990,-990,-990,-990,-990,-990
"284","Latin America","Brazil",55,2010,10,"State","Distrito Federal",7,"PT",67,"Dilma Rousseff",-990,-990,-990,-990,-990,-990,0.317379741668701,-990,0.317379741668701,-990,-990,-990,-990,-990,-990,-990,-990,-990
"285","Latin America","Brazil",55,2010,10,"State","Espírito Santo",8,"PSDB",58,"José Serra",-990,-990,-990,-990,-990,-990,0.354428176879883,-990,0.354428176879883,-990,-990,-990,-990,-990,-990,-990,-990,-990
"286","Latin America","Brazil",55,2010,10,"State","Espírito Santo",8,"PT",67,"Dilma Rousseff",-990,-990,-990,-990,-990,-990,0.372511749267578,-990,0.372511749267578,-990,-990,-990,-990,-990,-990,-990,-990,-990
"287","Latin America","Brazil",55,2010,10,"State","Goiás",9,"PSDB",58,"José Serra",-990,-990,-990,-990,-990,-990,0.39483772277832,-990,0.39483772277832,-990,-990,-990,-990,-990,-990,-990,-990,-990
"288","Latin America","Brazil",55,2010,10,"State","Goiás",9,"PT",67,"Dilma Rousseff",-990,-990,-990,-990,-990,-990,0.422339401245117,-990,0.422339401245117,-990,-990,-990,-990,-990,-990,-990,-990,-990
"289","Latin America","Brazil",55,2010,10,"State","Maranhão",10,"PSDB",58,"José Serra",-990,-990,-990,-990,-990,-990,0.150875797271729,-990,0.150875797271729,-990,-990,-990,-990,-990,-990,-990,-990,-990
"290","Latin America","Brazil",55,2010,10,"State","Maranhão",10,"PT",67,"Dilma Rousseff",-990,-990,-990,-990,-990,-990,0.706455917358398,-990,0.706455917358398,-990,-990,-990,-990,-990,-990,-990,-990,-990
"291","Latin America","Brazil",55,2010,10,"State","Mato Grosso",11,"PSDB",58,"José Serra",-990,-990,-990,-990,-990,-990,0.307620868682861,-990,0.307620868682861,-990,-990,-990,-990,-990,-990,-990,-990,-990
"292","Latin America","Brazil",55,2010,10,"State","Mato Grosso",11,"PT",67,"Dilma Rousseff",-990,-990,-990,-990,-990,-990,0.469830589294434,-990,0.469830589294434,-990,-990,-990,-990,-990,-990,-990,-990,-990
"293","Latin America","Brazil",55,2010,10,"State","Mato Grosso do Sul",12,"PSDB",58,"José Serra",-990,-990,-990,-990,-990,-990,0.422857666015625,-990,0.422857666015625,-990,-990,-990,-990,-990,-990,-990,-990,-990
"294","Latin America","Brazil",55,2010,10,"State","Mato Grosso do Sul",12,"PT",67,"Dilma Rousseff",-990,-990,-990,-990,-990,-990,0.398825454711914,-990,0.398825454711914,-990,-990,-990,-990,-990,-990,-990,-990,-990
"295","Latin America","Brazil",55,2010,10,"State","Minas Gerais",13,"PSDB",58,"José Serra",-990,-990,-990,-990,-990,-990,0.44129711151123,-990,0.44129711151123,-990,-990,-990,-990,-990,-990,-990,-990,-990
"296","Latin America","Brazil",55,2010,10,"State","Minas Gerais",13,"PT",67,"Dilma Rousseff",-990,-990,-990,-990,-990,-990,0.429415817260742,-990,0.429415817260742,-990,-990,-990,-990,-990,-990,-990,-990,-990
"297","Latin America","Brazil",55,2010,10,"State","Pará",14,"PSDB",58,"José Serra",-990,-990,-990,-990,-990,-990,0.376085395812988,-990,0.376085395812988,-990,-990,-990,-990,-990,-990,-990,-990,-990
"298","Latin America","Brazil",55,2010,10,"State","Pará",14,"PT",67,"Dilma Rousseff",-990,-990,-990,-990,-990,-990,0.47982723236084,-990,0.47982723236084,-990,-990,-990,-990,-990,-990,-990,-990,-990
"299","Latin America","Brazil",55,2010,10,"State","Paraíba",15,"PSDB",58,"José Serra",-990,-990,-990,-990,-990,-990,0.284343128204346,-990,0.284343128204346,-990,-990,-990,-990,-990,-990,-990,-990,-990
"300","Latin America","Brazil",55,2010,10,"State","Paraíba",15,"PT",67,"Dilma Rousseff",-990,-990,-990,-990,-990,-990,0.532091064453125,-990,0.532091064453125,-990,-990,-990,-990,-990,-990,-990,-990,-990
"301","Latin America","Brazil",55,2010,10,"State","Paraná",16,"PSDB",58,"José Serra",-990,-990,-990,-990,-990,-990,0.173811798095703,-990,0.173811798095703,-990,-990,-990,-990,-990,-990,-990,-990,-990
"302","Latin America","Brazil",55,2010,10,"State","Paraná",16,"PT",67,"Dilma Rousseff",-990,-990,-990,-990,-990,-990,0.617244415283203,-990,0.617244415283203,-990,-990,-990,-990,-990,-990,-990,-990,-990
"303","Latin America","Brazil",55,2010,10,"State","Pernambuco",17,"PSDB",58,"José Serra",-990,-990,-990,-990,-990,-990,0.209634399414063,-990,0.209634399414063,-990,-990,-990,-990,-990,-990,-990,-990,-990
"304","Latin America","Brazil",55,2010,10,"State","Pernambuco",17,"PT",67,"Dilma Rousseff",-990,-990,-990,-990,-990,-990,0.67026008605957,-990,0.67026008605957,-990,-990,-990,-990,-990,-990,-990,-990,-990
"305","Latin America","Brazil",55,2010,10,"State","Piauí",18,"PSDB",58,"José Serra",-990,-990,-990,-990,-990,-990,0.439371910095215,-990,0.439371910095215,-990,-990,-990,-990,-990,-990,-990,-990,-990
"306","Latin America","Brazil",55,2010,10,"State","Piauí",18,"PT",67,"Dilma Rousseff",-990,-990,-990,-990,-990,-990,0.389397010803223,-990,0.389397010803223,-990,-990,-990,-990,-990,-990,-990,-990,-990
"307","Latin America","Brazil",55,2010,10,"State","Rio de Janeiro",19,"PSDB",58,"José Serra",-990,-990,-990,-990,-990,-990,0.224833583831787,-990,0.224833583831787,-990,-990,-990,-990,-990,-990,-990,-990,-990
"308","Latin America","Brazil",55,2010,10,"State","Rio de Janeiro",19,"PT",67,"Dilma Rousseff",-990,-990,-990,-990,-990,-990,0.437904090881348,-990,0.437904090881348,-990,-990,-990,-990,-990,-990,-990,-990,-990
"309","Latin America","Brazil",55,2010,10,"State","Rio Grande do Norte",20,"PSDB",58,"José Serra",-990,-990,-990,-990,-990,-990,0.28141227722168,-990,0.28141227722168,-990,-990,-990,-990,-990,-990,-990,-990,-990
"310","Latin America","Brazil",55,2010,10,"State","Rio Grande do Norte",20,"PT",67,"Dilma Rousseff",-990,-990,-990,-990,-990,-990,0.516996917724609,-990,0.516996917724609,-990,-990,-990,-990,-990,-990,-990,-990,-990
"311","Latin America","Brazil",55,2010,10,"State","Rio Grande do Sul",21,"PSDB",58,"José Serra",-990,-990,-990,-990,-990,-990,0.452435493469238,-990,0.452435493469238,-990,-990,-990,-990,-990,-990,-990,-990,-990
"312","Latin America","Brazil",55,2010,10,"State","Rio Grande do Sul",21,"PT",67,"Dilma Rousseff",-990,-990,-990,-990,-990,-990,0.407656784057617,-990,0.407656784057617,-990,-990,-990,-990,-990,-990,-990,-990,-990
"313","Latin America","Brazil",55,2010,10,"State","Rondônia",22,"PSDB",58,"José Serra",-990,-990,-990,-990,-990,-990,0.510288772583008,-990,0.510288772583008,-990,-990,-990,-990,-990,-990,-990,-990,-990
"314","Latin America","Brazil",55,2010,10,"State","Rondônia",22,"PT",67,"Dilma Rousseff",-990,-990,-990,-990,-990,-990,0.287156200408936,-990,0.287156200408936,-990,-990,-990,-990,-990,-990,-990,-990,-990
"315","Latin America","Brazil",55,2010,10,"State","Roraima",23,"PSDB",58,"José Serra",-990,-990,-990,-990,-990,-990,0.405945358276367,-990,0.405945358276367,-990,-990,-990,-990,-990,-990,-990,-990,-990
"316","Latin America","Brazil",55,2010,10,"State","Roraima",23,"PT",67,"Dilma Rousseff",-990,-990,-990,-990,-990,-990,0.469462242126465,-990,0.469462242126465,-990,-990,-990,-990,-990,-990,-990,-990,-990
"317","Latin America","Brazil",55,2010,10,"State","Santa Catarina",24,"PSDB",58,"José Serra",-990,-990,-990,-990,-990,-990,0.457659950256348,-990,0.457659950256348,-990,-990,-990,-990,-990,-990,-990,-990,-990
"318","Latin America","Brazil",55,2010,10,"State","Santa Catarina",24,"PT",67,"Dilma Rousseff",-990,-990,-990,-990,-990,-990,0.387114562988281,-990,0.387114562988281,-990,-990,-990,-990,-990,-990,-990,-990,-990
"319","Latin America","Brazil",55,2010,10,"State","São Paulo",25,"PSDB",58,"José Serra",-990,-990,-990,-990,-990,-990,0.380514907836914,-990,0.380514907836914,-990,-990,-990,-990,-990,-990,-990,-990,-990
"320","Latin America","Brazil",55,2010,10,"State","São Paulo",25,"PT",67,"Dilma Rousseff",-990,-990,-990,-990,-990,-990,0.476651878356934,-990,0.476651878356934,-990,-990,-990,-990,-990,-990,-990,-990,-990
"321","Latin America","Brazil",55,2010,10,"State","Sergipe",26,"PSDB",58,"José Serra",-990,-990,-990,-990,-990,-990,0.406260643005371,-990,0.406260643005371,-990,-990,-990,-990,-990,-990,-990,-990,-990
"322","Latin America","Brazil",55,2010,10,"State","Sergipe",26,"PT",67,"Dilma Rousseff",-990,-990,-990,-990,-990,-990,0.373412246704102,-990,0.373412246704102,-990,-990,-990,-990,-990,-990,-990,-990,-990
"323","Latin America","Brazil",55,2010,10,"State","Tocantins",27,"PSDB",58,"José Serra",-990,-990,-990,-990,-990,-990,0.279911479949951,-990,0.279911479949951,-990,-990,-990,-990,-990,-990,-990,-990,-990
"324","Latin America","Brazil",55,2010,10,"State","Tocantins",27,"PT",67,"Dilma Rousseff",-990,-990,-990,-990,-990,-990,0.509778251647949,-990,0.509778251647949,-990,-990,-990,-990,-990,-990,-990,-990,-990
"325","Latin America","Brazil",55,2014,10,"State","Acre",1,"PSDB",58,"Aécio Neves",-990,-990,-990,-990,-990,-990,0.290799999237061,-990,0.290799999237061,-990,-990,-990,-990,-990,-990,-990,-990,-990
"326","Latin America","Brazil",55,2014,10,"State","Acre",1,"PT",67,"Dilma Rousseff",-990,-990,-990,-990,-990,-990,0.279799995422363,-990,0.279799995422363,-990,-990,-990,-990,-990,-990,-990,-990,-990
"327","Latin America","Brazil",55,2014,10,"State","Alagoas",2,"PSDB",58,"Aécio Neves",-990,-990,-990,-990,-990,-990,0.221100006103516,-990,0.221100006103516,-990,-990,-990,-990,-990,-990,-990,-990,-990
"328","Latin America","Brazil",55,2014,10,"State","Alagoas",2,"PT",67,"Dilma Rousseff",-990,-990,-990,-990,-990,-990,0.49939998626709,-990,0.49939998626709,-990,-990,-990,-990,-990,-990,-990,-990,-990
"329","Latin America","Brazil",55,2014,10,"State","Amapá",3,"PSDB",58,"Aécio Neves",-990,-990,-990,-990,-990,-990,0.194099998474121,-990,0.194099998474121,-990,-990,-990,-990,-990,-990,-990,-990,-990
"330","Latin America","Brazil",55,2014,10,"State","Amapá",3,"PT",67,"Dilma Rousseff",-990,-990,-990,-990,-990,-990,0.545400009155273,-990,0.545400009155273,-990,-990,-990,-990,-990,-990,-990,-990,-990
"331","Latin America","Brazil",55,2014,10,"State","Amazonas",4,"PSDB",58,"Aécio Neves",-990,-990,-990,-990,-990,-990,0.254400005340576,-990,0.254400005340576,-990,-990,-990,-990,-990,-990,-990,-990,-990
"332","Latin America","Brazil",55,2014,10,"State","Amazonas",4,"PT",67,"Dilma Rousseff",-990,-990,-990,-990,-990,-990,0.510999984741211,-990,0.510999984741211,-990,-990,-990,-990,-990,-990,-990,-990,-990
"333","Latin America","Brazil",55,2014,10,"State","Bahia",5,"PSDB",58,"Aécio Neves",-990,-990,-990,-990,-990,-990,0.182700004577637,-990,0.182700004577637,-990,-990,-990,-990,-990,-990,-990,-990,-990
"334","Latin America","Brazil",55,2014,10,"State","Bahia",5,"PT",67,"Dilma Rousseff",-990,-990,-990,-990,-990,-990,0.61439998626709,-990,0.61439998626709,-990,-990,-990,-990,-990,-990,-990,-990,-990
"335","Latin America","Brazil",55,2014,10,"State","Ceará",6,"PSDB",58,"Aécio Neves",-990,-990,-990,-990,-990,-990,0.149700002670288,-990,0.149700002670288,-990,-990,-990,-990,-990,-990,-990,-990,-990
"336","Latin America","Brazil",55,2014,10,"State","Ceará",6,"PT",67,"Dilma Rousseff",-990,-990,-990,-990,-990,-990,0.683000030517578,-990,0.683000030517578,-990,-990,-990,-990,-990,-990,-990,-990,-990
"337","Latin America","Brazil",55,2014,10,"State","Distrito Federal",7,"PSDB",58,"Aécio Neves",-990,-990,-990,-990,-990,-990,0.360999984741211,-990,0.360999984741211,-990,-990,-990,-990,-990,-990,-990,-990,-990
"338","Latin America","Brazil",55,2014,10,"State","Distrito Federal",7,"PT",67,"Dilma Rousseff",-990,-990,-990,-990,-990,-990,0.230200004577637,-990,0.230200004577637,-990,-990,-990,-990,-990,-990,-990,-990,-990
"339","Latin America","Brazil",55,2014,10,"State","Espírito Santo",8,"PSDB",58,"Aécio Neves",-990,-990,-990,-990,-990,-990,0.351199989318848,-990,0.351199989318848,-990,-990,-990,-990,-990,-990,-990,-990,-990
"340","Latin America","Brazil",55,2014,10,"State","Espírito Santo",8,"PT",67,"Dilma Rousseff",-990,-990,-990,-990,-990,-990,0.331199989318848,-990,0.331199989318848,-990,-990,-990,-990,-990,-990,-990,-990,-990
"341","Latin America","Brazil",55,2014,10,"State","Goiás",9,"PSDB",58,"Aécio Neves",-990,-990,-990,-990,-990,-990,0.415400009155273,-990,0.415400009155273,-990,-990,-990,-990,-990,-990,-990,-990,-990
"342","Latin America","Brazil",55,2014,10,"State","Goiás",9,"PT",67,"Dilma Rousseff",-990,-990,-990,-990,-990,-990,0.320999984741211,-990,0.320999984741211,-990,-990,-990,-990,-990,-990,-990,-990,-990
"343","Latin America","Brazil",55,2014,10,"State","Maranhão",10,"PSDB",58,"Aécio Neves",-990,-990,-990,-990,-990,-990,0.116199998855591,-990,0.116199998855591,-990,-990,-990,-990,-990,-990,-990,-990,-990
"344","Latin America","Brazil",55,2014,10,"State","Maranhão",10,"PT",67,"Dilma Rousseff",-990,-990,-990,-990,-990,-990,0.695599975585937,-990,0.695599975585937,-990,-990,-990,-990,-990,-990,-990,-990,-990
"345","Latin America","Brazil",55,2014,10,"State","Mato Grosso",11,"PSDB",58,"Aécio Neves",-990,-990,-990,-990,-990,-990,0.3975,-990,0.3975,-990,-990,-990,-990,-990,-990,-990,-990,-990
"346","Latin America","Brazil",55,2014,10,"State","Mato Grosso",11,"PT",67,"Dilma Rousseff",-990,-990,-990,-990,-990,-990,0.434799995422363,-990,0.434799995422363,-990,-990,-990,-990,-990,-990,-990,-990,-990
"347","Latin America","Brazil",55,2014,10,"State","Mato Grosso do Sul",12,"PSDB",58,"Aécio Neves",-990,-990,-990,-990,-990,-990,0.41310001373291,-990,0.41310001373291,-990,-990,-990,-990,-990,-990,-990,-990,-990
"348","Latin America","Brazil",55,2014,10,"State","Mato Grosso do Sul",12,"PT",67,"Dilma Rousseff",-990,-990,-990,-990,-990,-990,0.375099983215332,-990,0.375099983215332,-990,-990,-990,-990,-990,-990,-990,-990,-990
"349","Latin America","Brazil",55,2014,10,"State","Minas Gerais",13,"PSDB",58,"Aécio Neves",-990,-990,-990,-990,-990,-990,0.444700012207031,-990,0.444700012207031,-990,-990,-990,-990,-990,-990,-990,-990,-990
"350","Latin America","Brazil",55,2014,10,"State","Minas Gerais",13,"PT",67,"Dilma Rousseff",-990,-990,-990,-990,-990,-990,0.395299987792969,-990,0.395299987792969,-990,-990,-990,-990,-990,-990,-990,-990,-990
"351","Latin America","Brazil",55,2014,10,"State","Pará",14,"PSDB",58,"Aécio Neves",-990,-990,-990,-990,-990,-990,0.275699996948242,-990,0.275699996948242,-990,-990,-990,-990,-990,-990,-990,-990,-990
"352","Latin America","Brazil",55,2014,10,"State","Pará",14,"PT",67,"Dilma Rousseff",-990,-990,-990,-990,-990,-990,0.531800003051758,-990,0.531800003051758,-990,-990,-990,-990,-990,-990,-990,-990,-990
"353","Latin America","Brazil",55,2014,10,"State","Paraíba",15,"PSDB",58,"Aécio Neves",-990,-990,-990,-990,-990,-990,0.233799991607666,-990,0.233799991607666,-990,-990,-990,-990,-990,-990,-990,-990,-990
"354","Latin America","Brazil",55,2014,10,"State","Paraíba",15,"PT",67,"Dilma Rousseff",-990,-990,-990,-990,-990,-990,0.556100006103516,-990,0.556100006103516,-990,-990,-990,-990,-990,-990,-990,-990,-990
"355","Latin America","Brazil",55,2014,10,"State","Paraná",16,"PSDB",58,"Aécio Neves",-990,-990,-990,-990,-990,-990,0.0592000007629395,-990,0.0592000007629395,-990,-990,-990,-990,-990,-990,-990,-990,-990
"356","Latin America","Brazil",55,2014,10,"State","Paraná",16,"PT",67,"Dilma Rousseff",-990,-990,-990,-990,-990,-990,0.442200012207031,-990,0.442200012207031,-990,-990,-990,-990,-990,-990,-990,-990,-990
"357","Latin America","Brazil",55,2014,10,"State","Pernambuco",17,"PSDB",58,"Aécio Neves",-990,-990,-990,-990,-990,-990,0.138400001525879,-990,0.138400001525879,-990,-990,-990,-990,-990,-990,-990,-990,-990
"358","Latin America","Brazil",55,2014,10,"State","Pernambuco",17,"PT",67,"Dilma Rousseff",-990,-990,-990,-990,-990,-990,0.706100006103516,-990,0.706100006103516,-990,-990,-990,-990,-990,-990,-990,-990,-990
"359","Latin America","Brazil",55,2014,10,"State","Piauí",18,"PSDB",58,"Aécio Neves",-990,-990,-990,-990,-990,-990,0.497900009155273,-990,0.497900009155273,-990,-990,-990,-990,-990,-990,-990,-990,-990
"360","Latin America","Brazil",55,2014,10,"State","Piauí",18,"PT",67,"Dilma Rousseff",-990,-990,-990,-990,-990,-990,0.325400009155273,-990,0.325400009155273,-990,-990,-990,-990,-990,-990,-990,-990,-990
"361","Latin America","Brazil",55,2014,10,"State","Rio de Janeiro",19,"PSDB",58,"Aécio Neves",-990,-990,-990,-990,-990,-990,0.269300003051758,-990,0.269300003051758,-990,-990,-990,-990,-990,-990,-990,-990,-990
"362","Latin America","Brazil",55,2014,10,"State","Rio de Janeiro",19,"PT",67,"Dilma Rousseff",-990,-990,-990,-990,-990,-990,0.356199989318848,-990,0.356199989318848,-990,-990,-990,-990,-990,-990,-990,-990,-990
"363","Latin America","Brazil",55,2014,10,"State","Rio Grande do Norte",20,"PSDB",58,"Aécio Neves",-990,-990,-990,-990,-990,-990,0.198199996948242,-990,0.198199996948242,-990,-990,-990,-990,-990,-990,-990,-990,-990
"364","Latin America","Brazil",55,2014,10,"State","Rio Grande do Norte",20,"PT",67,"Dilma Rousseff",-990,-990,-990,-990,-990,-990,0.60060001373291,-990,0.60060001373291,-990,-990,-990,-990,-990,-990,-990,-990,-990
"365","Latin America","Brazil",55,2014,10,"State","Rio Grande do Sul",21,"PSDB",58,"Aécio Neves",-990,-990,-990,-990,-990,-990,0.449099998474121,-990,0.449099998474121,-990,-990,-990,-990,-990,-990,-990,-990,-990
"366","Latin America","Brazil",55,2014,10,"State","Rio Grande do Sul",21,"PT",67,"Dilma Rousseff",-990,-990,-990,-990,-990,-990,0.417000007629395,-990,0.417000007629395,-990,-990,-990,-990,-990,-990,-990,-990,-990
"367","Latin America","Brazil",55,2014,10,"State","Rondônia",22,"PSDB",58,"Aécio Neves",-990,-990,-990,-990,-990,-990,0.436300010681152,-990,0.436300010681152,-990,-990,-990,-990,-990,-990,-990,-990,-990
"368","Latin America","Brazil",55,2014,10,"State","Rondônia",22,"PT",67,"Dilma Rousseff",-990,-990,-990,-990,-990,-990,0.332000007629395,-990,0.332000007629395,-990,-990,-990,-990,-990,-990,-990,-990,-990
"369","Latin America","Brazil",55,2014,10,"State","Roraima",23,"PSDB",58,"Aécio Neves",-990,-990,-990,-990,-990,-990,0.414199981689453,-990,0.414199981689453,-990,-990,-990,-990,-990,-990,-990,-990,-990
"370","Latin America","Brazil",55,2014,10,"State","Roraima",23,"PT",67,"Dilma Rousseff",-990,-990,-990,-990,-990,-990,0.432099990844727,-990,0.432099990844727,-990,-990,-990,-990,-990,-990,-990,-990,-990
"371","Latin America","Brazil",55,2014,10,"State","Santa Catarina",24,"PSDB",58,"Aécio Neves",-990,-990,-990,-990,-990,-990,0.528899993896484,-990,0.528899993896484,-990,-990,-990,-990,-990,-990,-990,-990,-990
"372","Latin America","Brazil",55,2014,10,"State","Santa Catarina",24,"PT",67,"Dilma Rousseff",-990,-990,-990,-990,-990,-990,0.307600002288818,-990,0.307600002288818,-990,-990,-990,-990,-990,-990,-990,-990,-990
"373","Latin America","Brazil",55,2014,10,"State","São Paulo",25,"PSDB",58,"Aécio Neves",-990,-990,-990,-990,-990,-990,0.226800003051758,-990,0.226800003051758,-990,-990,-990,-990,-990,-990,-990,-990,-990
"374","Latin America","Brazil",55,2014,10,"State","São Paulo",25,"PT",67,"Dilma Rousseff",-990,-990,-990,-990,-990,-990,0.549300003051758,-990,0.549300003051758,-990,-990,-990,-990,-990,-990,-990,-990,-990
"375","Latin America","Brazil",55,2014,10,"State","Sergipe",26,"PSDB",58,"Aécio Neves",-990,-990,-990,-990,-990,-990,0.442200012207031,-990,0.442200012207031,-990,-990,-990,-990,-990,-990,-990,-990,-990
"376","Latin America","Brazil",55,2014,10,"State","Sergipe",26,"PT",67,"Dilma Rousseff",-990,-990,-990,-990,-990,-990,0.258199996948242,-990,0.258199996948242,-990,-990,-990,-990,-990,-990,-990,-990,-990
"377","Latin America","Brazil",55,2014,10,"State","Tocantins",27,"PSDB",58,"Aécio Neves",-990,-990,-990,-990,-990,-990,0.276700000762939,-990,0.276700000762939,-990,-990,-990,-990,-990,-990,-990,-990,-990
"378","Latin America","Brazil",55,2014,10,"State","Tocantins",27,"PT",67,"Dilma Rousseff",-990,-990,-990,-990,-990,-990,0.502299995422363,-990,0.502299995422363,-990,-990,-990,-990,-990,-990,-990,-990,-990
